symbol,timeframe,timestamp,open,high,low,close,volume,spread,complete
XAUUSDm,H1,2025-01-06T00:00:00Z,2630.00000,2631.48248,2629.59600,2631.22248,10842.00,0.19750,true
XAUUSDm,H1,2025-01-06T01:00:00Z,2631.22248,2631.51756,2631.00071,2631.30260,11170.00,0.19917,true
XAUUSDm,H1,2025-01-06T02:00:00Z,2631.30260,2632.47551,2631.13706,2632.31346,11498.00,0.20083,true
XAUUSDm,H1,2025-01-06T03:00:00Z,2632.31346,2632.66070,2631.62650,2632.02983,11326.00,0.20250,true
XAUUSDm,H1,2025-01-06T04:00:00Z,2632.02983,2632.26698,2631.10833,2631.37656,11654.00,0.19833,true
XAUUSDm,H1,2025-01-06T05:00:00Z,2631.37656,2631.77807,2631.12019,2631.49919,11482.00,0.20000,true
XAUUSDm,H1,2025-01-06T06:00:00Z,2631.49919,2631.67127,2630.24468,2630.40571,11810.00,0.20167,true
XAUUSDm,H1,2025-01-06T07:00:00Z,2630.40571,2630.90310,2630.08280,2630.65089,11638.00,0.19750,true
XAUUSDm,H1,2025-01-06T08:00:00Z,2630.65089,2631.52416,2630.45704,2631.11951,11466.00,0.19917,true
XAUUSDm,H1,2025-01-06T09:00:00Z,2631.11951,2631.41208,2630.74331,2631.25015,11294.00,0.20083,true
XAUUSDm,H1,2025-01-06T10:00:00Z,2631.25015,2633.11524,2631.00415,2632.91198,11122.00,0.20250,true
XAUUSDm,H1,2025-01-06T11:00:00Z,2632.91198,2633.69662,2632.72724,2633.43662,11450.00,0.19833,true
XAUUSDm,H1,2025-01-06T12:00:00Z,2633.43662,2634.37067,2633.27451,2634.16823,11278.00,0.20000,true
XAUUSDm,H1,2025-01-06T13:00:00Z,2634.16823,2635.22181,2633.95550,2635.05148,11606.00,0.20167,true
XAUUSDm,H1,2025-01-06T14:00:00Z,2635.05148,2635.21620,2634.06326,2634.29860,11434.00,0.19750,true
XAUUSDm,H1,2025-01-06T15:00:00Z,2634.29860,2634.71111,2633.98741,2634.45935,11762.00,0.19917,true
XAUUSDm,H1,2025-01-06T16:00:00Z,2634.45935,2634.73362,2633.67946,2633.84721,11590.00,0.20083,true
XAUUSDm,H1,2025-01-06T17:00:00Z,2633.84721,2634.01904,2632.78666,2633.02306,11418.00,0.20250,true
XAUUSDm,H1,2025-01-06T18:00:00Z,2633.02306,2633.86126,2632.79185,2633.60885,11246.00,0.19833,true
XAUUSDm,H1,2025-01-06T19:00:00Z,2633.60885,2633.88362,2633.06060,2633.31122,11074.00,0.20000,true
XAUUSDm,H1,2025-01-06T20:00:00Z,2633.31122,2634.39918,2633.09081,2634.23735,11402.00,0.20167,true
XAUUSDm,H1,2025-01-06T21:00:00Z,2634.23735,2635.70065,2634.07549,2635.49702,11230.00,0.19750,true
XAUUSDm,H1,2025-01-06T22:00:00Z,2635.49702,2635.84147,2635.01583,2635.29324,11558.00,0.19917,true
XAUUSDm,H1,2025-01-06T23:00:00Z,2635.29324,2636.39520,2635.04663,2636.19313,11386.00,0.20083,true
XAUUSDm,H1,2025-01-07T00:00:00Z,2636.19313,2636.46975,2635.51918,2635.71751,11714.00,0.20250,true
XAUUSDm,H1,2025-01-07T01:00:00Z,2635.71751,2635.88240,2634.79974,2634.95974,11542.00,0.19833,true
XAUUSDm,H1,2025-01-07T02:00:00Z,2634.95974,2635.36846,2634.44812,2634.64626,11370.00,0.20000,true
XAUUSDm,H1,2025-01-07T03:00:00Z,2634.64626,2634.89343,2632.64579,2632.90021,11198.00,0.20167,true
XAUUSDm,H1,2025-01-07T04:00:00Z,2632.90021,2633.07180,2632.12345,2632.38761,11026.00,0.19750,true
XAUUSDm,H1,2025-01-07T05:00:00Z,2632.38761,2632.58656,2631.63523,2631.81622,11354.00,0.19917,true
XAUUSDm,H1,2025-01-07T06:00:00Z,2631.81622,2632.07212,2630.90146,2631.08437,11182.00,0.20083,true
XAUUSDm,H1,2025-01-07T07:00:00Z,2631.08437,2632.14116,2630.91843,2631.97943,11510.00,0.20250,true
XAUUSDm,H1,2025-01-07T08:00:00Z,2631.97943,2632.26297,2631.62943,2631.88921,11338.00,0.19833,true
XAUUSDm,H1,2025-01-07T09:00:00Z,2631.88921,2632.66255,2631.58847,2632.40257,11666.00,0.20000,true
XAUUSDm,H1,2025-01-07T10:00:00Z,2632.40257,2633.31727,2632.18167,2633.06525,11494.00,0.20167,true
XAUUSDm,H1,2025-01-07T11:00:00Z,2633.06525,2633.26001,2632.04396,2632.21790,11322.00,0.19750,true
XAUUSDm,H1,2025-01-07T12:00:00Z,2632.21790,2632.47150,2631.93390,2632.23958,11150.00,0.19917,true
XAUUSDm,H1,2025-01-07T13:00:00Z,2632.23958,2632.47768,2630.88477,2631.14268,10978.00,0.20083,true
XAUUSDm,H1,2025-01-07T14:00:00Z,2631.14268,2631.38960,2629.56170,2629.76907,11306.00,0.20250,true
XAUUSDm,H1,2025-01-07T15:00:00Z,2629.76907,2629.94612,2629.32953,2629.49039,11134.00,0.19833,true
XAUUSDm,H1,2025-01-07T16:00:00Z,2629.49039,2629.67452,2628.01515,2628.20466,11462.00,0.20000,true
XAUUSDm,H1,2025-01-07T17:00:00Z,2628.20466,2628.52726,2627.74898,2628.29781,11290.00,0.20167,true
XAUUSDm,H1,2025-01-07T18:00:00Z,2628.29781,2628.91651,2628.04515,2628.69655,11618.00,0.19750,true
XAUUSDm,H1,2025-01-07T19:00:00Z,2628.69655,2628.85687,2628.22044,2628.51804,11946.00,0.19917,true
XAUUSDm,H1,2025-01-07T20:00:00Z,2628.51804,2630.47183,2628.33405,2630.21186,11274.00,0.20083,true
XAUUSDm,H1,2025-01-07T21:00:00Z,2630.21186,2630.88777,2630.04948,2630.58649,11102.00,0.20250,true
XAUUSDm,H1,2025-01-07T22:00:00Z,2630.58649,2631.05964,2630.29606,2630.89713,11430.00,0.19833,true
XAUUSDm,H1,2025-01-07T23:00:00Z,2630.89713,2631.68839,2630.48726,2631.41118,11258.00,0.20000,true
XAUUSDm,H1,2025-01-08T00:00:00Z,2631.41118,2631.64959,2630.16916,2630.34262,11586.00,0.20167,true
XAUUSDm,H1,2025-01-08T01:00:00Z,2630.34262,2630.58928,2630.01042,2630.34946,11414.00,0.19750,true
XAUUSDm,H1,2025-01-08T02:00:00Z,2630.34946,2630.56536,2629.53169,2629.92442,11742.00,0.19917,true
XAUUSDm,H1,2025-01-08T03:00:00Z,2629.92442,2630.10888,2629.07106,2629.39526,11570.00,0.20083,true
XAUUSDm,H1,2025-01-08T04:00:00Z,2629.39526,2630.67160,2629.13645,2630.44250,11898.00,0.20250,true
XAUUSDm,H1,2025-01-08T05:00:00Z,2630.44250,2630.86702,2630.23154,2630.60172,11226.00,0.19833,true
XAUUSDm,H1,2025-01-08T06:00:00Z,2630.60172,2631.94994,2630.44008,2631.74518,11054.00,0.20000,true
XAUUSDm,H1,2025-01-08T07:00:00Z,2631.74518,2633.35686,2631.55889,2633.09690,11382.00,0.20167,true
XAUUSDm,H1,2025-01-08T08:00:00Z,2633.09690,2633.40553,2632.84969,2633.20459,11210.00,0.19750,true
XAUUSDm,H1,2025-01-08T09:00:00Z,2633.20459,2634.40920,2632.95337,2634.24657,11538.00,0.19917,true
XAUUSDm,H1,2025-01-08T10:00:00Z,2634.24657,2634.58328,2633.78300,2633.94301,11366.00,0.20083,true
XAUUSDm,H1,2025-01-08T11:00:00Z,2633.94301,2634.18173,2633.13068,2633.34329,11694.00,0.20250,true
XAUUSDm,H1,2025-01-08T12:00:00Z,2633.34329,2633.75632,2633.13881,2633.47283,11522.00,0.19833,true
XAUUSDm,H1,2025-01-08T13:00:00Z,2633.47283,2633.64370,2632.15569,2632.39778,11850.00,0.20000,true
XAUUSDm,H1,2025-01-08T14:00:00Z,2632.39778,2632.96085,2632.04126,2632.70766,11178.00,0.20167,true
XAUUSDm,H1,2025-01-08T15:00:00Z,2632.70766,2633.44214,2632.53166,2633.17294,11006.00,0.19750,true
XAUUSDm,H1,2025-01-08T16:00:00Z,2633.17294,2633.51886,2632.88292,2633.35742,11334.00,0.19917,true
XAUUSDm,H1,2025-01-08T17:00:00Z,2633.35742,2635.25545,2633.13394,2635.05031,11162.00,0.20083,true
XAUUSDm,H1,2025-01-08T18:00:00Z,2635.05031,2635.62630,2634.79034,2635.08839,11490.00,0.20250,true
XAUUSDm,H1,2025-01-08T19:00:00Z,2635.08839,2635.59515,2634.80848,2635.39457,11318.00,0.19833,true
XAUUSDm,H1,2025-01-08T20:00:00Z,2635.39457,2636.04416,2635.22982,2635.78510,11646.00,0.20000,true
XAUUSDm,H1,2025-01-08T21:00:00Z,2635.78510,2635.95066,2634.33399,2634.56992,11474.00,0.20167,true
XAUUSDm,H1,2025-01-08T22:00:00Z,2634.56992,2634.80895,2633.90697,2634.29260,11802.00,0.19750,true
XAUUSDm,H1,2025-01-08T23:00:00Z,2634.29260,2634.53874,2632.98046,2633.18695,11130.00,0.19917,true
XAUUSDm,H1,2025-01-09T00:00:00Z,2633.18695,2633.35758,2631.78235,2631.94305,10958.00,0.20083,true
XAUUSDm,H1,2025-01-09T01:00:00Z,2631.94305,2632.34131,2631.77379,2632.07235,11286.00,0.20250,true
XAUUSDm,H1,2025-01-09T02:00:00Z,2632.07235,2632.32883,2631.06030,2631.31034,11114.00,0.19833,true
XAUUSDm,H1,2025-01-09T03:00:00Z,2631.31034,2631.98489,2630.96871,2631.82353,11442.00,0.20000,true
XAUUSDm,H1,2025-01-09T04:00:00Z,2631.82353,2632.80492,2631.57878,2632.59574,11270.00,0.20167,true
XAUUSDm,H1,2025-01-09T05:00:00Z,2632.59574,2632.80840,2632.24883,2632.47691,11598.00,0.19750,true
XAUUSDm,H1,2025-01-09T06:00:00Z,2632.47691,2633.65387,2632.31425,2633.45366,11426.00,0.19917,true
XAUUSDm,H1,2025-01-09T07:00:00Z,2633.45366,2633.80066,2632.74936,2633.00769,11754.00,0.20083,true
XAUUSDm,H1,2025-01-09T08:00:00Z,2633.00769,2633.17343,2632.10950,2632.34961,11082.00,0.20250,true
XAUUSDm,H1,2025-01-09T09:00:00Z,2632.34961,2632.65060,2631.90872,2632.08158,10910.00,0.19833,true
XAUUSDm,H1,2025-01-09T10:00:00Z,2632.08158,2632.32746,2630.23296,2630.40169,11238.00,0.20000,true
XAUUSDm,H1,2025-01-09T11:00:00Z,2630.40169,2630.57209,2629.74785,2629.99520,11066.00,0.20167,true
XAUUSDm,H1,2025-01-09T12:00:00Z,2629.99520,2630.20759,2629.20726,2629.46687,11394.00,0.19750,true
XAUUSDm,H1,2025-01-09T13:00:00Z,2629.46687,2629.72349,2628.57413,2628.84277,11722.00,0.19917,true
XAUUSDm,H1,2025-01-09T14:00:00Z,2628.84277,2629.97752,2628.60784,2629.81625,11550.00,0.20083,true
XAUUSDm,H1,2025-01-09T15:00:00Z,2629.81625,2630.11366,2629.59415,2629.77643,11878.00,0.20250,true
XAUUSDm,H1,2025-01-09T16:00:00Z,2629.77643,2631.12466,2629.58936,2630.86475,11706.00,0.19833,true
XAUUSDm,H1,2025-01-09T17:00:00Z,2630.86475,2632.22972,2630.61696,2632.02989,11034.00,0.20000,true
XAUUSDm,H1,2025-01-09T18:00:00Z,2632.02989,2632.22286,2631.52163,2631.72067,11362.00,0.20167,true
XAUUSDm,H1,2025-01-09T19:00:00Z,2631.72067,2632.52636,2631.52931,2632.29275,11190.00,0.19750,true
XAUUSDm,H1,2025-01-09T20:00:00Z,2632.29275,2632.60035,2631.49448,2631.69435,11518.00,0.19917,true
XAUUSDm,H1,2025-01-09T21:00:00Z,2631.69435,2631.93996,2630.63311,2630.89429,11346.00,0.20083,true
XAUUSDm,H1,2025-01-09T22:00:00Z,2630.89429,2631.34526,2630.49300,2631.14664,11674.00,0.20250,true
XAUUSDm,H1,2025-01-09T23:00:00Z,2631.14664,2631.33242,2630.21661,2630.39618,11502.00,0.19833,true
XAUUSDm,H1,2025-01-10T00:00:00Z,2630.39618,2631.30018,2630.17781,2631.07249,11830.00,0.20000,true
XAUUSDm,H1,2025-01-10T01:00:00Z,2631.07249,2632.14368,2630.90568,2631.98250,11658.00,0.20167,true
XAUUSDm,H1,2025-01-10T02:00:00Z,2631.98250,2632.57305,2631.75817,2632.36677,10986.00,0.19750,true
XAUUSDm,H1,2025-01-10T03:00:00Z,2632.36677,2634.31307,2632.10684,2634.05319,11314.00,0.19917,true
XAUUSDm,H1,2025-01-10T04:00:00Z,2634.05319,2634.69104,2633.83402,2634.37862,11142.00,0.20083,true
XAUUSDm,H1,2025-01-10T05:00:00Z,2634.37862,2634.86834,2634.16542,2634.70520,11470.00,0.20250,true
XAUUSDm,H1,2025-01-10T06:00:00Z,2634.70520,2635.46354,2634.52583,2635.17332,11298.00,0.19833,true
XAUUSDm,H1,2025-01-10T07:00:00Z,2635.17332,2635.41327,2633.82947,2634.08685,11626.00,0.20000,true
XAUUSDm,H1,2025-01-10T08:00:00Z,2634.08685,2634.33219,2633.68689,2634.10715,11454.00,0.20167,true
XAUUSDm,H1,2025-01-10T09:00:00Z,2634.10715,2634.31204,2633.47700,2633.63756,11782.00,0.19750,true
XAUUSDm,H1,2025-01-10T10:00:00Z,2633.63756,2633.99622,2632.87771,2633.13460,11610.00,0.19917,true
XAUUSDm,H1,2025-01-10T11:00:00Z,2633.13460,2634.40063,2632.93822,2634.17330,10938.00,0.20083,true
XAUUSDm,H1,2025-01-10T12:00:00Z,2634.17330,2634.51717,2633.91974,2634.30739,11266.00,0.20250,true
XAUUSDm,H1,2025-01-10T13:00:00Z,2634.30739,2635.68493,2634.06329,2635.47827,11094.00,0.19833,true
XAUUSDm,M15,2025-01-06T00:00:00Z,2630.00000,2630.56045,2629.59600,2630.33636,2211.00,0.18667,true
XAUUSDm,M15,2025-01-06T00:15:00Z,2630.33636,2631.00091,2630.07911,2630.75816,2544.00,0.21333,true
XAUUSDm,M15,2025-01-06T00:30:00Z,2630.75816,2631.31727,2630.50886,2631.06177,2877.00,0.19333,true
XAUUSDm,M15,2025-01-06T00:45:00Z,2631.06177,2631.48248,2630.82476,2631.22248,3210.00,0.19667,true
XAUUSDm,M15,2025-01-06T01:00:00Z,2631.22248,2631.51756,2631.00071,2631.26209,3043.00,0.20000,true
XAUUSDm,M15,2025-01-06T01:15:00Z,2631.26209,2631.51413,2631.04588,2631.24024,2376.00,0.20333,true
XAUUSDm,M15,2025-01-06T01:30:00Z,2631.24024,2631.47723,2631.04322,2631.23239,2709.00,0.20667,true
XAUUSDm,M15,2025-01-06T01:45:00Z,2631.23239,2631.50542,2631.05693,2631.30260,3042.00,0.18667,true
XAUUSDm,M15,2025-01-06T02:00:00Z,2631.30260,2631.66316,2631.13706,2631.48026,3375.00,0.21333,true
XAUUSDm,M15,2025-01-06T02:15:00Z,2631.48026,2631.91709,2631.31976,2631.74920,2708.00,0.19333,true
XAUUSDm,M15,2025-01-06T02:30:00Z,2631.74920,2632.21329,2631.58828,2632.05280,2541.00,0.19667,true
XAUUSDm,M15,2025-01-06T02:45:00Z,2632.05280,2632.47551,2631.88606,2632.31346,2874.00,0.20000,true
XAUUSDm,M15,2025-01-06T03:00:00Z,2632.31346,2632.63181,2632.13614,2632.45952,3207.00,0.20333,true
XAUUSDm,M15,2025-01-06T03:15:00Z,2632.45952,2632.66070,2632.24819,2632.45038,3040.00,0.20667,true
XAUUSDm,M15,2025-01-06T03:30:00Z,2632.45038,2632.64641,2632.07205,2632.29083,2373.00,0.18667,true
XAUUSDm,M15,2025-01-06T03:45:00Z,2632.29083,2632.50808,2631.62650,2632.02983,2706.00,0.21333,true
XAUUSDm,M15,2025-01-06T04:00:00Z,2632.02983,2632.26698,2631.49660,2631.74394,3039.00,0.19333,true
XAUUSDm,M15,2025-01-06T04:15:00Z,2631.74394,2631.99608,2631.25514,2631.51131,3372.00,0.19667,true
XAUUSDm,M15,2025-01-06T04:30:00Z,2631.51131,2631.77082,2631.12532,2631.38523,2705.00,0.20000,true
XAUUSDm,M15,2025-01-06T04:45:00Z,2631.38523,2631.64316,2631.10833,2631.37656,2538.00,0.20333,true
XAUUSDm,M15,2025-01-06T05:00:00Z,2631.37656,2631.68787,2631.12019,2631.45098,2871.00,0.20667,true
XAUUSDm,M15,2025-01-06T05:15:00Z,2631.45098,2631.75915,2631.20329,2631.54222,3204.00,0.18667,true
XAUUSDm,M15,2025-01-06T05:30:00Z,2631.54222,2631.77807,2631.30735,2631.57641,3037.00,0.21333,true
XAUUSDm,M15,2025-01-06T05:45:00Z,2631.57641,2631.76545,2631.29094,2631.49919,2370.00,0.19333,true
XAUUSDm,M15,2025-01-06T06:00:00Z,2631.49919,2631.67127,2631.10401,2631.29602,2703.00,0.19667,true
XAUUSDm,M15,2025-01-06T06:15:00Z,2631.29602,2631.45798,2630.82073,2630.99846,3036.00,0.20000,true
XAUUSDm,M15,2025-01-06T06:30:00Z,2630.99846,2631.15900,2630.50745,2630.67446,3369.00,0.20333,true
XAUUSDm,M15,2025-01-06T06:45:00Z,2630.67446,2630.84252,2630.24468,2630.40571,2702.00,0.20667,true
XAUUSDm,M15,2025-01-06T07:00:00Z,2630.40571,2630.58888,2630.09978,2630.26021,2535.00,0.18667,true
XAUUSDm,M15,2025-01-06T07:15:00Z,2630.26021,2630.48685,2630.08280,2630.26948,2868.00,0.21333,true
XAUUSDm,M15,2025-01-06T07:30:00Z,2630.26948,2630.65559,2630.10144,2630.41834,3201.00,0.19333,true
XAUUSDm,M15,2025-01-06T07:45:00Z,2630.41834,2630.90310,2630.16234,2630.65089,3034.00,0.19667,true
XAUUSDm,M15,2025-01-06T08:00:00Z,2630.65089,2631.15009,2630.45704,2630.89056,2367.00,0.20000,true
XAUUSDm,M15,2025-01-06T08:15:00Z,2630.89056,2631.32507,2630.68034,2631.06718,2700.00,0.20333,true
XAUUSDm,M15,2025-01-06T08:30:00Z,2631.06718,2631.38922,2630.84061,2631.14163,3033.00,0.20667,true
XAUUSDm,M15,2025-01-06T08:45:00Z,2631.14163,2631.52416,2630.87056,2631.11951,3366.00,0.18667,true
XAUUSDm,M15,2025-01-06T09:00:00Z,2631.11951,2631.34330,2630.79186,2631.04893,2699.00,0.21333,true
XAUUSDm,M15,2025-01-06T09:15:00Z,2631.04893,2631.25150,2630.74331,2631.00331,2532.00,0.19333,true
XAUUSDm,M15,2025-01-06T09:30:00Z,2631.00331,2631.22718,2630.74356,2631.05519,2865.00,0.19667,true
XAUUSDm,M15,2025-01-06T09:45:00Z,2631.05519,2631.41208,2630.79981,2631.25015,3198.00,0.20000,true
XAUUSDm,M15,2025-01-06T10:00:00Z,2631.25015,2631.75057,2631.00415,2631.59001,3031.00,0.20333,true
XAUUSDm,M15,2025-01-06T10:15:00Z,2631.59001,2632.19935,2631.35735,2632.03122,2364.00,0.20667,true
XAUUSDm,M15,2025-01-06T10:30:00Z,2632.03122,2632.68221,2631.81438,2632.49893,2697.00,0.18667,true
XAUUSDm,M15,2025-01-06T10:45:00Z,2632.49893,2633.11524,2632.29868,2632.91198,3030.00,0.21333,true
XAUUSDm,M15,2025-01-06T11:00:00Z,2632.91198,2633.43446,2632.72724,2633.21001,3363.00,0.19333,true
XAUUSDm,M15,2025-01-06T11:15:00Z,2633.21001,2633.61626,2633.03799,2633.37322,2696.00,0.19667,true
XAUUSDm,M15,2025-01-06T11:30:00Z,2633.37322,2633.68370,2633.20975,2633.42805,2529.00,0.20000,true
XAUUSDm,M15,2025-01-06T11:45:00Z,2633.42805,2633.69662,2633.12401,2633.43662,2862.00,0.20333,true
XAUUSDm,M15,2025-01-06T12:00:00Z,2633.43662,2633.72916,2633.27451,2633.47385,3195.00,0.20667,true
XAUUSDm,M15,2025-01-06T12:15:00Z,2633.47385,2633.84250,2633.30439,2633.60008,3028.00,0.18667,true
XAUUSDm,M15,2025-01-06T12:30:00Z,2633.60008,2634.06263,2633.41881,2633.83897,2361.00,0.21333,true
XAUUSDm,M15,2025-01-06T12:45:00Z,2633.83897,2634.37067,2633.64272,2634.16823,2694.00,0.19333,true
XAUUSDm,M15,2025-01-06T13:00:00Z,2634.16823,2634.70922,2633.95550,2634.52664,3027.00,0.19667,true
XAUUSDm,M15,2025-01-06T13:15:00Z,2634.52664,2635.01776,2634.29772,2634.83473,3360.00,0.20000,true
XAUUSDm,M15,2025-01-06T13:30:00Z,2634.83473,2635.18250,2634.59171,2635.02206,2693.00,0.20333,true
XAUUSDm,M15,2025-01-06T13:45:00Z,2635.02206,2635.22181,2634.76858,2635.05148,2526.00,0.20667,true
XAUUSDm,M15,2025-01-06T14:00:00Z,2635.05148,2635.21620,2634.67199,2634.93195,2859.00,0.18667,true
XAUUSDm,M15,2025-01-06T14:15:00Z,2634.93195,2635.10958,2634.45892,2634.71549,3192.00,0.21333,true
XAUUSDm,M15,2025-01-06T14:30:00Z,2634.71549,2634.91188,2634.23111,2634.47916,3025.00,0.19333,true
XAUUSDm,M15,2025-01-06T14:45:00Z,2634.47916,2634.69678,2634.06326,2634.29860,2358.00,0.19667,true
XAUUSDm,M15,2025-01-06T15:00:00Z,2634.29860,2634.53607,2634.00229,2634.22213,2691.00,0.20000,true
XAUUSDm,M15,2025-01-06T15:15:00Z,2634.22213,2634.51275,2634.00763,2634.25463,3024.00,0.20333,true
XAUUSDm,M15,2025-01-06T15:30:00Z,2634.25463,2634.61609,2633.98741,2634.35668,3357.00,0.20667,true
XAUUSDm,M15,2025-01-06T15:45:00Z,2634.35668,2634.71111,2634.17407,2634.45935,2690.00,0.18667,true
XAUUSDm,M15,2025-01-06T16:00:00Z,2634.45935,2634.73362,2634.28891,2634.48937,2523.00,0.21333,true
XAUUSDm,M15,2025-01-06T16:15:00Z,2634.48937,2634.71963,2634.23567,2634.39593,2856.00,0.19333,true
XAUUSDm,M15,2025-01-06T16:30:00Z,2634.39593,2634.60537,2634.00834,2634.16967,3189.00,0.19667,true
XAUUSDm,M15,2025-01-06T16:45:00Z,2634.16967,2634.35837,2633.67946,2633.84721,3022.00,0.20000,true
XAUUSDm,M15,2025-01-06T17:00:00Z,2633.84721,2634.01904,2633.32087,2633.49970,2355.00,0.20333,true
XAUUSDm,M15,2025-01-06T17:15:00Z,2633.49970,2633.66156,2633.01585,2633.20918,2688.00,0.20667,true
XAUUSDm,M15,2025-01-06T17:30:00Z,2633.20918,2633.38973,2632.83153,2633.04121,3021.00,0.18667,true
XAUUSDm,M15,2025-01-06T17:45:00Z,2633.04121,2633.20948,2632.78666,2633.02306,3354.00,0.21333,true
XAUUSDm,M15,2025-01-06T18:00:00Z,2633.02306,2633.33182,2632.79185,2633.13530,2687.00,0.19333,true
XAUUSDm,M15,2025-01-06T18:15:00Z,2633.13530,2633.53728,2632.89044,2633.31954,2520.00,0.19667,true
XAUUSDm,M15,2025-01-06T18:30:00Z,2633.31954,2633.73718,2633.06487,2633.49960,2853.00,0.20000,true
XAUUSDm,M15,2025-01-06T18:45:00Z,2633.49960,2633.86126,2633.24004,2633.60885,3186.00,0.20333,true
XAUUSDm,M15,2025-01-06T19:00:00Z,2633.60885,2633.88362,2633.34986,2633.61394,3019.00,0.20667,true
XAUUSDm,M15,2025-01-06T19:15:00Z,2633.61394,2633.87393,2633.28042,2633.52679,2352.00,0.18667,true
XAUUSDm,M15,2025-01-06T19:30:00Z,2633.52679,2633.78199,2633.06060,2633.40061,2685.00,0.21333,true
XAUUSDm,M15,2025-01-06T19:45:00Z,2633.40061,2633.64284,2633.09385,2633.31122,3018.00,0.19333,true
XAUUSDm,M15,2025-01-06T20:00:00Z,2633.31122,2633.53969,2633.09081,2633.33039,3351.00,0.19667,true
XAUUSDm,M15,2025-01-06T20:15:00Z,2633.33039,2633.68892,2633.13500,2633.50033,2684.00,0.20000,true
XAUUSDm,M15,2025-01-06T20:30:00Z,2633.50033,2633.99017,2633.31978,2633.81842,2517.00,0.20333,true
XAUUSDm,M15,2025-01-06T20:45:00Z,2633.81842,2634.39918,2633.64947,2634.23735,2850.00,0.20667,true
XAUUSDm,M15,2025-01-06T21:00:00Z,2634.23735,2634.84144,2634.07549,2634.68082,3183.00,0.18667,true
XAUUSDm,M15,2025-01-06T21:15:00Z,2634.68082,2635.23749,2634.52074,2635.06915,3016.00,0.21333,true
XAUUSDm,M15,2025-01-06T21:30:00Z,2635.06915,2635.52964,2634.90535,2635.34604,2349.00,0.19333,true
XAUUSDm,M15,2025-01-06T21:45:00Z,2635.34604,2635.70065,2635.17344,2635.49702,2682.00,0.19667,true
XAUUSDm,M15,2025-01-06T22:00:00Z,2635.49702,2635.84147,2635.22558,2635.42130,3015.00,0.20000,true
XAUUSDm,M15,2025-01-06T22:15:00Z,2635.42130,2635.65277,2635.10335,2635.31553,3348.00,0.20333,true
XAUUSDm,M15,2025-01-06T22:30:00Z,2635.31553,2635.56382,2635.02556,2635.25397,2681.00,0.20667,true
XAUUSDm,M15,2025-01-06T22:45:00Z,2635.25397,2635.55324,2635.01583,2635.29324,2514.00,0.18667,true
XAUUSDm,M15,2025-01-06T23:00:00Z,2635.29324,2635.70650,2635.04663,2635.45135,2847.00,0.21333,true
XAUUSDm,M15,2025-01-06T23:15:00Z,2635.45135,2635.94235,2635.19561,2635.70022,3180.00,0.19333,true
XAUUSDm,M15,2025-01-06T23:30:00Z,2635.70022,2636.19773,2635.27385,2635.97443,3013.00,0.19667,true
XAUUSDm,M15,2025-01-06T23:45:00Z,2635.97443,2636.39520,2635.71599,2636.19313,2346.00,0.20000,true
XAUUSDm,M15,2025-01-07T00:00:00Z,2636.19313,2636.46975,2635.94142,2636.28748,2679.00,0.20333,true
XAUUSDm,M15,2025-01-07T00:15:00Z,2636.28748,2636.46411,2635.99308,2636.22398,3012.00,0.20667,true
XAUUSDm,M15,2025-01-07T00:30:00Z,2636.22398,2636.38815,2635.80085,2636.01574,3345.00,0.18667,true
XAUUSDm,M15,2025-01-07T00:45:00Z,2636.01574,2636.17575,2635.51918,2635.71751,2678.00,0.21333,true
XAUUSDm,M15,2025-01-07T01:00:00Z,2635.71751,2635.88240,2635.22339,2635.40646,2511.00,0.19333,true
XAUUSDm,M15,2025-01-07T01:15:00Z,2635.40646,2635.58438,2634.98445,2635.15522,2844.00,0.19667,true
XAUUSDm,M15,2025-01-07T01:30:00Z,2635.15522,2635.35198,2634.84397,2635.00675,3177.00,0.20000,true
XAUUSDm,M15,2025-01-07T01:45:00Z,2635.00675,2635.22474,2634.79974,2634.95974,3010.00,0.20333,true
XAUUSDm,M15,2025-01-07T02:00:00Z,2634.95974,2635.21798,2634.79870,2634.96961,2343.00,0.20667,true
XAUUSDm,M15,2025-01-07T02:15:00Z,2634.96961,2635.23106,2634.79421,2634.96485,2676.00,0.18667,true
XAUUSDm,M15,2025-01-07T02:30:00Z,2634.96485,2635.36846,2634.68995,2634.87285,3009.00,0.21333,true
XAUUSDm,M15,2025-01-07T02:45:00Z,2634.87285,2635.13055,2634.44812,2634.64626,3342.00,0.19333,true
XAUUSDm,M15,2025-01-07T03:00:00Z,2634.64626,2634.89343,2634.06599,2634.28067,2675.00,0.19667,true
XAUUSDm,M15,2025-01-07T03:15:00Z,2634.28067,2634.51059,2633.29644,2633.81731,2508.00,0.20000,true
XAUUSDm,M15,2025-01-07T03:30:00Z,2633.81731,2634.02637,2633.08544,2633.32991,2841.00,0.20333,true
XAUUSDm,M15,2025-01-07T03:45:00Z,2633.32991,2633.51827,2632.64579,2632.90021,3174.00,0.20667,true
XAUUSDm,M15,2025-01-07T04:00:00Z,2632.90021,2633.07180,2632.33126,2632.59074,3007.00,0.18667,true
XAUUSDm,M15,2025-01-07T04:15:00Z,2632.59074,2632.75250,2632.16509,2632.42419,2340.00,0.21333,true
XAUUSDm,M15,2025-01-07T04:30:00Z,2632.42419,2632.58485,2632.12345,2632.37677,2673.00,0.19333,true
XAUUSDm,M15,2025-01-07T04:45:00Z,2632.37677,2632.56563,2632.12649,2632.38761,3006.00,0.19667,true
XAUUSDm,M15,2025-01-07T05:00:00Z,2632.38761,2632.58656,2632.14925,2632.38117,3339.00,0.20000,true
XAUUSDm,M15,2025-01-07T05:15:00Z,2632.38117,2632.58506,2632.08213,2632.29452,2672.00,0.20333,true
XAUUSDm,M15,2025-01-07T05:30:00Z,2632.29452,2632.51958,2631.90422,2632.10013,2505.00,0.20667,true
XAUUSDm,M15,2025-01-07T05:45:00Z,2632.10013,2632.34365,2631.63523,2631.81622,2838.00,0.18667,true
XAUUSDm,M15,2025-01-07T06:00:00Z,2631.81622,2632.07212,2631.33156,2631.50082,3171.00,0.21333,true
XAUUSDm,M15,2025-01-07T06:15:00Z,2631.50082,2631.76081,2631.06985,2631.23187,3004.00,0.19333,true
XAUUSDm,M15,2025-01-07T06:30:00Z,2631.23187,2631.48690,2630.92006,2631.08012,2337.00,0.19667,true
XAUUSDm,M15,2025-01-07T06:45:00Z,2631.08012,2631.45817,2630.90146,2631.08437,2670.00,0.20000,true
XAUUSDm,M15,2025-01-07T07:00:00Z,2631.08437,2631.44665,2630.91843,2631.23773,3003.00,0.20333,true
XAUUSDm,M15,2025-01-07T07:15:00Z,2631.23773,2631.67781,2630.98095,2631.48956,3336.00,0.20667,true
XAUUSDm,M15,2025-01-07T07:30:00Z,2631.48956,2631.93416,2631.29956,2631.76265,2669.00,0.18667,true
XAUUSDm,M15,2025-01-07T07:45:00Z,2631.76265,2632.14116,2631.55656,2631.97943,2502.00,0.21333,true
XAUUSDm,M15,2025-01-07T08:00:00Z,2631.97943,2632.24887,2631.75681,2632.08819,2835.00,0.19333,true
XAUUSDm,M15,2025-01-07T08:15:00Z,2632.08819,2632.26297,2631.83392,2632.08016,3168.00,0.19667,true
XAUUSDm,M15,2025-01-07T08:30:00Z,2632.08016,2632.25311,2631.73591,2631.99143,3001.00,0.20000,true
XAUUSDm,M15,2025-01-07T08:45:00Z,2631.99143,2632.18169,2631.62943,2631.88921,2334.00,0.20333,true
XAUUSDm,M15,2025-01-07T09:00:00Z,2631.88921,2632.10035,2631.58847,2631.84704,2667.00,0.20667,true
XAUUSDm,M15,2025-01-07T09:15:00Z,2631.84704,2632.16147,2631.59009,2631.91786,3000.00,0.18667,true
XAUUSDm,M15,2025-01-07T09:30:00Z,2631.91786,2632.37016,2631.66912,2632.11421,3333.00,0.21333,true
XAUUSDm,M15,2025-01-07T09:45:00Z,2632.11421,2632.66255,2631.87794,2632.40257,2666.00,0.19333,true
XAUUSDm,M15,2025-01-07T10:00:00Z,2632.40257,2632.96883,2632.18167,2632.71385,2499.00,0.19667,true
XAUUSDm,M15,2025-01-07T10:15:00Z,2632.71385,2633.20822,2632.50952,2632.96639,2832.00,0.20000,true
XAUUSDm,M15,2025-01-07T10:30:00Z,2632.96639,2633.31630,2632.77799,2633.09337,3165.00,0.20333,true
XAUUSDm,M15,2025-01-07T10:45:00Z,2633.09337,2633.31727,2632.89739,2633.06525,2998.00,0.20667,true
XAUUSDm,M15,2025-01-07T11:00:00Z,2633.06525,2633.26001,2632.73789,2632.89927,2331.00,0.18667,true
XAUUSDm,M15,2025-01-07T11:15:00Z,2632.89927,2633.14352,2632.49249,2632.65273,2664.00,0.21333,true
XAUUSDm,M15,2025-01-07T11:30:00Z,2632.65273,2632.81675,2632.23793,2632.40252,2997.00,0.19333,true
XAUUSDm,M15,2025-01-07T11:45:00Z,2632.40252,2632.56253,2632.04396,2632.21790,3330.00,0.19667,true
XAUUSDm,M15,2025-01-07T12:00:00Z,2632.21790,2632.38294,2631.94893,2632.13618,2663.00,0.20000,true
XAUUSDm,M15,2025-01-07T12:15:00Z,2632.13618,2632.34010,2631.93390,2632.14972,2496.00,0.20333,true
XAUUSDm,M15,2025-01-07T12:30:00Z,2632.14972,2632.42012,2631.94113,2632.20885,2829.00,0.20667,true
XAUUSDm,M15,2025-01-07T12:45:00Z,2632.20885,2632.47150,2631.98382,2632.23958,3162.00,0.18667,true
XAUUSDm,M15,2025-01-07T13:00:00Z,2632.23958,2632.47768,2631.92213,2632.17005,2995.00,0.21333,true
XAUUSDm,M15,2025-01-07T13:15:00Z,2632.17005,2632.42279,2631.69987,2631.95636,2328.00,0.19333,true
XAUUSDm,M15,2025-01-07T13:30:00Z,2631.95636,2632.21602,2631.33883,2631.59879,2661.00,0.19667,true
XAUUSDm,M15,2025-01-07T13:45:00Z,2631.59879,2631.85638,2630.88477,2631.14268,2994.00,0.20000,true
XAUUSDm,M15,2025-01-07T14:00:00Z,2631.14268,2631.38960,2630.41314,2630.66373,3327.00,0.20333,true
XAUUSDm,M15,2025-01-07T14:15:00Z,2630.66373,2630.89330,2630.00393,2630.24274,2660.00,0.20667,true
XAUUSDm,M15,2025-01-07T14:30:00Z,2630.24274,2630.45141,2629.71475,2629.93860,2493.00,0.18667,true
XAUUSDm,M15,2025-01-07T14:45:00Z,2629.93860,2630.12663,2629.56170,2629.76907,2826.00,0.21333,true
XAUUSDm,M15,2025-01-07T15:00:00Z,2629.76907,2629.94042,2629.37062,2629.70579,3159.00,0.19333,true
XAUUSDm,M15,2025-01-07T15:15:00Z,2629.70579,2629.86746,2629.50847,2629.68553,2992.00,0.19667,true
XAUUSDm,M15,2025-01-07T15:30:00Z,2629.68553,2629.84625,2629.46687,2629.63343,2325.00,0.20000,true
XAUUSDm,M15,2025-01-07T15:45:00Z,2629.63343,2629.94612,2629.32953,2629.49039,2658.00,0.20333,true
XAUUSDm,M15,2025-01-07T16:00:00Z,2629.49039,2629.67452,2629.07415,2629.23470,2991.00,0.20667,true
XAUUSDm,M15,2025-01-07T16:15:00Z,2629.23470,2629.43896,2628.72493,2628.89063,3324.00,0.18667,true
XAUUSDm,M15,2025-01-07T16:30:00Z,2628.89063,2629.11605,2628.34502,2628.52073,2657.00,0.21333,true
XAUUSDm,M15,2025-01-07T16:45:00Z,2628.52073,2628.76452,2628.01515,2628.20466,2490.00,0.19333,true
XAUUSDm,M15,2025-01-07T17:00:00Z,2628.20466,2628.46071,2627.80629,2628.01185,2823.00,0.19667,true
XAUUSDm,M15,2025-01-07T17:15:00Z,2628.01185,2628.27183,2627.74898,2627.97756,3156.00,0.20000,true
XAUUSDm,M15,2025-01-07T17:30:00Z,2627.97756,2628.33758,2627.75016,2628.09074,2989.00,0.20333,true
XAUUSDm,M15,2025-01-07T17:45:00Z,2628.09074,2628.52726,2627.84896,2628.29781,2322.00,0.20667,true
XAUUSDm,M15,2025-01-07T18:00:00Z,2628.29781,2628.72970,2628.04515,2628.52115,2655.00,0.18667,true
XAUUSDm,M15,2025-01-07T18:15:00Z,2628.52115,2628.87375,2628.26231,2628.68585,2988.00,0.21333,true
XAUUSDm,M15,2025-01-07T18:30:00Z,2628.68585,2628.91651,2628.42619,2628.74525,3321.00,0.19333,true
XAUUSDm,M15,2025-01-07T18:45:00Z,2628.74525,2628.91241,2628.44747,2628.69655,2654.00,0.19667,true
XAUUSDm,M15,2025-01-07T19:00:00Z,2628.69655,2628.85687,2628.23766,2628.58088,2487.00,0.20000,true
XAUUSDm,M15,2025-01-07T19:15:00Z,2628.58088,2628.74335,2628.24652,2628.46795,2820.00,0.20333,true
XAUUSDm,M15,2025-01-07T19:30:00Z,2628.46795,2628.64116,2628.22044,2628.43057,3153.00,0.20667,true
XAUUSDm,M15,2025-01-07T19:45:00Z,2628.43057,2628.72242,2628.23118,2628.51804,3486.00,0.18667,true
XAUUSDm,M15,2025-01-07T20:00:00Z,2628.51804,2629.33948,2628.33405,2628.87565,2319.00,0.21333,true
XAUUSDm,M15,2025-01-07T20:15:00Z,2628.87565,2629.57078,2628.70420,2629.32690,2652.00,0.19333,true
XAUUSDm,M15,2025-01-07T20:30:00Z,2629.32690,2630.05570,2629.16375,2629.79960,2985.00,0.19667,true
XAUUSDm,M15,2025-01-07T20:45:00Z,2629.79960,2630.47183,2629.63959,2630.21186,3318.00,0.20000,true
XAUUSDm,M15,2025-01-07T21:00:00Z,2630.21186,2630.75426,2630.04948,2630.49945,2651.00,0.20333,true
XAUUSDm,M15,2025-01-07T21:15:00Z,2630.49945,2630.87862,2630.32946,2630.63708,2484.00,0.20667,true
XAUUSDm,M15,2025-01-07T21:30:00Z,2630.63708,2630.88777,2630.45437,2630.64619,2817.00,0.18667,true
XAUUSDm,M15,2025-01-07T21:45:00Z,2630.64619,2630.86174,2630.37843,2630.58649,3150.00,0.21333,true
XAUUSDm,M15,2025-01-07T22:00:00Z,2630.58649,2630.78089,2630.30981,2630.53432,3483.00,0.19333,true
XAUUSDm,M15,2025-01-07T22:15:00Z,2630.53432,2630.72239,2630.29606,2630.55529,2316.00,0.19667,true
XAUUSDm,M15,2025-01-07T22:30:00Z,2630.55529,2630.84119,2630.31162,2630.68088,2649.00,0.20000,true
XAUUSDm,M15,2025-01-07T22:45:00Z,2630.68088,2631.05964,2630.42697,2630.89713,2982.00,0.20333,true
XAUUSDm,M15,2025-01-07T23:00:00Z,2630.89713,2631.32266,2630.48726,2631.14936,3315.00,0.20667,true
XAUUSDm,M15,2025-01-07T23:15:00Z,2631.14936,2631.55206,2630.89007,2631.36133,2648.00,0.18667,true
XAUUSDm,M15,2025-01-07T23:30:00Z,2631.36133,2631.67373,2631.10749,2631.46209,2481.00,0.21333,true
XAUUSDm,M15,2025-01-07T23:45:00Z,2631.46209,2631.68839,2631.17661,2631.41118,2814.00,0.19333,true
XAUUSDm,M15,2025-01-08T00:00:00Z,2631.41118,2631.64959,2630.99437,2631.21334,3147.00,0.19667,true
XAUUSDm,M15,2025-01-08T00:15:00Z,2631.21334,2631.46628,2630.71519,2630.91758,3480.00,0.20000,true
XAUUSDm,M15,2025-01-08T00:30:00Z,2630.91758,2631.26199,2630.41431,2630.60095,2313.00,0.20333,true
XAUUSDm,M15,2025-01-08T00:45:00Z,2630.60095,2630.85842,2630.16916,2630.34262,2646.00,0.20667,true
XAUUSDm,M15,2025-01-08T01:00:00Z,2630.34262,2630.58928,2630.03304,2630.19735,2979.00,0.18667,true
XAUUSDm,M15,2025-01-08T01:15:00Z,2630.19735,2630.42656,2630.01042,2630.17752,3312.00,0.21333,true
XAUUSDm,M15,2025-01-08T01:30:00Z,2630.17752,2630.44439,2630.01751,2630.25011,2645.00,0.19333,true
XAUUSDm,M15,2025-01-08T01:45:00Z,2630.25011,2630.52543,2630.08691,2630.34946,2478.00,0.19667,true
XAUUSDm,M15,2025-01-08T02:00:00Z,2630.34946,2630.56536,2630.17792,2630.40153,2811.00,0.20000,true
XAUUSDm,M15,2025-01-08T02:15:00Z,2630.40153,2630.56310,2630.15687,2630.35104,3144.00,0.20333,true
XAUUSDm,M15,2025-01-08T02:30:00Z,2630.35104,2630.51183,2629.97143,2630.18200,3477.00,0.20667,true
XAUUSDm,M15,2025-01-08T02:45:00Z,2630.18200,2630.35090,2629.53169,2629.92442,2310.00,0.18667,true
XAUUSDm,M15,2025-01-08T03:00:00Z,2629.92442,2630.10888,2629.40358,2629.64494,2643.00,0.21333,true
XAUUSDm,M15,2025-01-08T03:15:00Z,2629.64494,2629.84958,2629.17210,2629.42448,2976.00,0.19333,true
XAUUSDm,M15,2025-01-08T03:30:00Z,2629.42448,2629.65026,2629.07201,2629.33073,3309.00,0.19667,true
XAUUSDm,M15,2025-01-08T03:45:00Z,2629.33073,2629.64826,2629.07106,2629.39526,2642.00,0.20000,true
XAUUSDm,M15,2025-01-08T04:00:00Z,2629.39526,2629.86261,2629.13645,2629.60289,2475.00,0.20333,true
XAUUSDm,M15,2025-01-08T04:15:00Z,2629.60289,2630.15482,2629.35031,2629.89739,2808.00,0.20667,true
XAUUSDm,M15,2025-01-08T04:30:00Z,2629.89739,2630.44777,2629.65572,2630.20119,3141.00,0.18667,true
XAUUSDm,M15,2025-01-08T04:45:00Z,2630.20119,2630.67160,2629.97393,2630.44250,3474.00,0.21333,true
XAUUSDm,M15,2025-01-08T05:00:00Z,2630.44250,2630.86702,2630.23154,2630.58010,2307.00,0.19333,true
XAUUSDm,M15,2025-01-08T05:15:00Z,2630.58010,2630.80816,2630.38555,2630.61738,2640.00,0.19667,true
XAUUSDm,M15,2025-01-08T05:30:00Z,2630.61738,2630.79881,2630.42874,2630.60053,2973.00,0.20000,true
XAUUSDm,M15,2025-01-08T05:45:00Z,2630.60053,2630.76750,2630.42664,2630.60172,3306.00,0.20333,true
XAUUSDm,M15,2025-01-08T06:00:00Z,2630.60172,2630.85375,2630.44008,2630.69294,2639.00,0.20667,true
XAUUSDm,M15,2025-01-08T06:15:00Z,2630.69294,2631.08892,2630.53280,2630.91994,2472.00,0.18667,true
XAUUSDm,M15,2025-01-08T06:30:00Z,2630.91994,2631.46961,2630.75579,2631.28503,2805.00,0.21333,true
XAUUSDm,M15,2025-01-08T06:45:00Z,2631.28503,2631.94994,2630.97612,2631.74518,3138.00,0.19333,true
XAUUSDm,M15,2025-01-08T07:00:00Z,2631.74518,2632.45161,2631.55889,2632.22571,3471.00,0.19667,true
XAUUSDm,M15,2025-01-08T07:15:00Z,2632.22571,2632.88933,2632.02371,2632.64517,2304.00,0.20000,true
XAUUSDm,M15,2025-01-08T07:30:00Z,2632.64517,2633.19870,2632.42658,2632.94246,2637.00,0.20333,true
XAUUSDm,M15,2025-01-08T07:45:00Z,2632.94246,2633.35686,2632.70823,2633.09690,2970.00,0.20667,true
XAUUSDm,M15,2025-01-08T08:00:00Z,2633.09690,2633.38891,2632.84969,2633.13426,3303.00,0.18667,true
XAUUSDm,M15,2025-01-08T08:15:00Z,2633.13426,2633.38524,2632.85734,2633.11657,2636.00,0.21333,true
XAUUSDm,M15,2025-01-08T08:30:00Z,2633.11657,2633.35194,2632.85170,2633.11942,2469.00,0.19333,true
XAUUSDm,M15,2025-01-08T08:45:00Z,2633.11942,2633.40553,2632.86121,2633.20459,2802.00,0.19667,true
XAUUSDm,M15,2025-01-08T09:00:00Z,2633.20459,2633.57899,2632.95337,2633.39766,3135.00,0.20000,true
XAUUSDm,M15,2025-01-08T09:15:00Z,2633.39766,2634.02585,2633.15797,2633.67842,3468.00,0.20333,true
XAUUSDm,M15,2025-01-08T09:30:00Z,2633.67842,2634.14773,2633.45353,2633.98746,2301.00,0.20667,true
XAUUSDm,M15,2025-01-08T09:45:00Z,2633.98746,2634.40920,2633.77901,2634.24657,2634.00,0.18667,true
XAUUSDm,M15,2025-01-08T10:00:00Z,2634.24657,2634.55949,2634.05439,2634.38593,2967.00,0.21333,true
XAUUSDm,M15,2025-01-08T10:15:00Z,2634.38593,2634.58328,2634.19835,2634.36858,3300.00,0.19333,true
XAUUSDm,M15,2025-01-08T10:30:00Z,2634.36858,2634.56644,2634.04102,2634.20352,2633.00,0.19667,true
XAUUSDm,M15,2025-01-08T10:45:00Z,2634.20352,2634.42263,2633.78300,2633.94301,2466.00,0.20000,true
XAUUSDm,M15,2025-01-08T11:00:00Z,2633.94301,2634.18173,2633.50185,2633.66487,2799.00,0.20333,true
XAUUSDm,M15,2025-01-08T11:15:00Z,2633.66487,2633.91800,2633.27485,2633.44605,3132.00,0.20667,true
XAUUSDm,M15,2025-01-08T11:30:00Z,2633.44605,2633.70579,2633.15297,2633.33662,3465.00,0.18667,true
XAUUSDm,M15,2025-01-08T11:45:00Z,2633.33662,2633.59420,2633.13068,2633.34329,2298.00,0.21333,true
XAUUSDm,M15,2025-01-08T12:00:00Z,2633.34329,2633.66344,2633.13881,2633.42818,2631.00,0.19333,true
XAUUSDm,M15,2025-01-08T12:15:00Z,2633.42818,2633.73829,2633.20714,2633.52324,2964.00,0.19667,true
XAUUSDm,M15,2025-01-08T12:30:00Z,2633.52324,2633.75632,2633.28685,2633.55529,3297.00,0.20000,true
XAUUSDm,M15,2025-01-08T12:45:00Z,2633.55529,2633.74263,2633.21801,2633.47283,2630.00,0.20333,true
XAUUSDm,M15,2025-01-08T13:00:00Z,2633.47283,2633.64370,2633.00578,2633.26538,2463.00,0.20667,true
XAUUSDm,M15,2025-01-08T13:15:00Z,2633.26538,2633.42686,2632.70943,2632.96836,2796.00,0.18667,true
XAUUSDm,M15,2025-01-08T13:30:00Z,2632.96836,2633.12921,2632.39909,2632.65196,3129.00,0.21333,true
XAUUSDm,M15,2025-01-08T13:45:00Z,2632.65196,2632.88416,2632.15569,2632.39778,3462.00,0.19333,true
XAUUSDm,M15,2025-01-08T14:00:00Z,2632.39778,2632.58257,2632.04360,2632.27137,2295.00,0.19667,true
XAUUSDm,M15,2025-01-08T14:15:00Z,2632.27137,2632.51953,2632.04126,2632.30029,2628.00,0.20000,true
XAUUSDm,M15,2025-01-08T14:30:00Z,2632.30029,2632.70411,2632.05910,2632.46529,2961.00,0.20333,true
XAUUSDm,M15,2025-01-08T14:45:00Z,2632.46529,2632.96085,2632.27542,2632.70766,3294.00,0.20667,true
XAUUSDm,M15,2025-01-08T15:00:00Z,2632.70766,2633.21003,2632.53166,2632.95027,2627.00,0.18667,true
XAUUSDm,M15,2025-01-08T15:15:00Z,2632.95027,2633.38214,2632.78440,2633.12482,2460.00,0.21333,true
XAUUSDm,M15,2025-01-08T15:30:00Z,2633.12482,2633.44214,2632.96421,2633.19582,2793.00,0.19333,true
XAUUSDm,M15,2025-01-08T15:45:00Z,2633.19582,2633.43788,2633.00901,2633.17294,3126.00,0.19667,true
XAUUSDm,M15,2025-01-08T16:00:00Z,2633.17294,2633.39490,2632.93459,2633.10742,3459.00,0.20000,true
XAUUSDm,M15,2025-01-08T16:15:00Z,2633.10742,2633.30812,2632.88792,2633.07373,2292.00,0.20333,true
XAUUSDm,M15,2025-01-08T16:30:00Z,2633.07373,2633.31379,2632.88292,2633.14300,2625.00,0.20667,true
XAUUSDm,M15,2025-01-08T16:45:00Z,2633.14300,2633.51886,2632.93602,2633.35742,2958.00,0.18667,true
XAUUSDm,M15,2025-01-08T17:00:00Z,2633.35742,2633.87549,2633.13394,2633.71461,3291.00,0.21333,true
XAUUSDm,M15,2025-01-08T17:15:00Z,2633.71461,2634.33667,2633.47612,2634.16747,2624.00,0.19333,true
XAUUSDm,M15,2025-01-08T17:30:00Z,2634.16747,2634.82439,2633.91710,2634.63949,2457.00,0.19667,true
XAUUSDm,M15,2025-01-08T17:45:00Z,2634.63949,2635.25545,2634.38169,2635.05031,2790.00,0.20000,true
XAUUSDm,M15,2025-01-08T18:00:00Z,2635.05031,2635.44877,2634.79034,2635.22251,3123.00,0.20333,true
XAUUSDm,M15,2025-01-08T18:15:00Z,2635.22251,2635.62630,2634.96587,2635.26042,3456.00,0.20667,true
XAUUSDm,M15,2025-01-08T18:30:00Z,2635.26042,2635.50967,2634.83603,2635.19428,2289.00,0.18667,true
XAUUSDm,M15,2025-01-08T18:45:00Z,2635.19428,2635.45285,2634.86299,2635.08839,2622.00,0.21333,true
XAUUSDm,M15,2025-01-08T19:00:00Z,2635.08839,2635.34750,2634.80848,2635.01747,2955.00,0.19333,true
XAUUSDm,M15,2025-01-08T19:15:00Z,2635.01747,2635.28033,2634.80910,2635.03937,3288.00,0.19667,true
XAUUSDm,M15,2025-01-08T19:30:00Z,2635.03937,2635.39565,2634.85178,2635.17382,2621.00,0.20000,true
XAUUSDm,M15,2025-01-08T19:45:00Z,2635.17382,2635.59515,2634.99962,2635.39457,2454.00,0.20333,true
XAUUSDm,M15,2025-01-08T20:00:00Z,2635.39457,2635.81882,2635.22982,2635.63780,2787.00,0.20667,true
XAUUSDm,M15,2025-01-08T20:15:00Z,2635.63780,2635.99042,2635.47752,2635.82371,3120.00,0.18667,true
XAUUSDm,M15,2025-01-08T20:30:00Z,2635.82371,2636.04416,2635.66242,2635.88393,3453.00,0.21333,true
XAUUSDm,M15,2025-01-08T20:45:00Z,2635.88393,2636.04399,2635.61055,2635.78510,2286.00,0.19333,true
XAUUSDm,M15,2025-01-08T21:00:00Z,2635.78510,2635.95066,2635.35233,2635.54037,2619.00,0.19667,true
XAUUSDm,M15,2025-01-08T21:15:00Z,2635.54037,2635.71947,2635.00092,2635.20486,2952.00,0.20000,true
XAUUSDm,M15,2025-01-08T21:30:00Z,2635.20486,2635.40309,2634.63614,2634.85665,3285.00,0.20333,true
XAUUSDm,M15,2025-01-08T21:45:00Z,2634.85665,2635.07614,2634.33399,2634.56992,2618.00,0.20667,true
XAUUSDm,M15,2025-01-08T22:00:00Z,2634.56992,2634.80895,2634.14110,2634.38959,2451.00,0.18667,true
XAUUSDm,M15,2025-01-08T22:15:00Z,2634.38959,2634.64291,2634.05960,2634.31641,2784.00,0.21333,true
XAUUSDm,M15,2025-01-08T22:30:00Z,2634.31641,2634.71064,2633.90697,2634.30755,3117.00,0.19333,true
XAUUSDm,M15,2025-01-08T22:45:00Z,2634.30755,2634.56479,2634.03495,2634.29260,3450.00,0.19667,true
XAUUSDm,M15,2025-01-08T23:00:00Z,2634.29260,2634.53874,2633.94916,2634.19923,2283.00,0.20000,true
XAUUSDm,M15,2025-01-08T23:15:00Z,2634.19923,2634.42775,2633.74165,2633.97973,2616.00,0.20333,true
XAUUSDm,M15,2025-01-08T23:30:00Z,2633.97973,2634.18726,2633.40584,2633.62884,2949.00,0.20667,true
XAUUSDm,M15,2025-01-08T23:45:00Z,2633.62884,2633.81585,2632.98046,2633.18695,3282.00,0.18667,true
XAUUSDm,M15,2025-01-09T00:00:00Z,2633.18695,2633.35758,2632.53686,2632.72722,2615.00,0.21333,true
XAUUSDm,M15,2025-01-09T00:15:00Z,2632.72722,2632.88861,2632.15495,2632.33135,2448.00,0.19333,true
XAUUSDm,M15,2025-01-09T00:30:00Z,2632.33135,2632.49227,2631.89607,2632.06220,2781.00,0.19667,true
XAUUSDm,M15,2025-01-09T00:45:00Z,2632.06220,2632.23155,2631.78235,2631.94305,3114.00,0.20000,true
XAUUSDm,M15,2025-01-09T01:00:00Z,2631.94305,2632.14881,2631.77379,2631.95046,3447.00,0.20333,true
XAUUSDm,M15,2025-01-09T01:15:00Z,2631.95046,2632.24307,2631.78855,2632.02346,2280.00,0.20667,true
XAUUSDm,M15,2025-01-09T01:30:00Z,2632.02346,2632.32473,2631.85442,2632.08560,2613.00,0.18667,true
XAUUSDm,M15,2025-01-09T01:45:00Z,2632.08560,2632.34131,2631.88203,2632.07235,2946.00,0.21333,true
XAUUSDm,M15,2025-01-09T02:00:00Z,2632.07235,2632.32883,2631.74767,2631.95411,3279.00,0.19333,true
XAUUSDm,M15,2025-01-09T02:15:00Z,2631.95411,2632.21404,2631.37991,2631.74687,2612.00,0.19667,true
XAUUSDm,M15,2025-01-09T02:30:00Z,2631.74687,2632.00122,2631.26870,2631.50674,2445.00,0.20000,true
XAUUSDm,M15,2025-01-09T02:45:00Z,2631.50674,2631.74750,2631.06030,2631.31034,2778.00,0.20333,true
XAUUSDm,M15,2025-01-09T03:00:00Z,2631.31034,2631.62596,2630.97010,2631.22774,3111.00,0.20667,true
XAUUSDm,M15,2025-01-09T03:15:00Z,2631.22774,2631.48450,2630.96871,2631.29761,3444.00,0.18667,true
XAUUSDm,M15,2025-01-09T03:30:00Z,2631.29761,2631.68366,2631.03806,2631.51310,2277.00,0.21333,true
XAUUSDm,M15,2025-01-09T03:45:00Z,2631.51310,2631.98489,2631.25850,2631.82353,2610.00,0.19333,true
XAUUSDm,M15,2025-01-09T04:00:00Z,2631.82353,2632.31212,2631.57878,2632.15117,2943.00,0.19667,true
XAUUSDm,M15,2025-01-09T04:15:00Z,2632.15117,2632.58680,2631.92009,2632.41738,3276.00,0.20000,true
XAUUSDm,M15,2025-01-09T04:30:00Z,2632.41738,2632.75425,2632.20230,2632.56902,2609.00,0.20333,true
XAUUSDm,M15,2025-01-09T04:45:00Z,2632.56902,2632.80492,2632.37049,2632.59574,2442.00,0.20667,true
XAUUSDm,M15,2025-01-09T05:00:00Z,2632.59574,2632.80840,2632.35784,2632.53242,2775.00,0.18667,true
XAUUSDm,M15,2025-01-09T05:15:00Z,2632.53242,2632.76559,2632.28066,2632.44565,3108.00,0.21333,true
XAUUSDm,M15,2025-01-09T05:30:00Z,2632.44565,2632.69513,2632.24883,2632.40917,3441.00,0.19333,true
XAUUSDm,M15,2025-01-09T05:45:00Z,2632.40917,2632.73684,2632.24917,2632.47691,2274.00,0.19667,true
XAUUSDm,M15,2025-01-09T06:00:00Z,2632.47691,2632.91713,2632.31425,2632.66284,2607.00,0.20000,true
XAUUSDm,M15,2025-01-09T06:15:00Z,2632.66284,2633.17564,2632.40773,2632.93499,2940.00,0.20333,true
XAUUSDm,M15,2025-01-09T06:30:00Z,2632.93499,2633.44703,2632.75225,2633.22557,3273.00,0.20667,true
XAUUSDm,M15,2025-01-09T06:45:00Z,2633.22557,2633.65387,2633.02762,2633.45366,2606.00,0.18667,true
XAUUSDm,M15,2025-01-09T07:00:00Z,2633.45366,2633.73345,2633.23917,2633.55274,2439.00,0.21333,true
XAUUSDm,M15,2025-01-09T07:15:00Z,2633.55274,2633.72798,2633.25313,2633.49321,2772.00,0.19333,true
XAUUSDm,M15,2025-01-09T07:30:00Z,2633.49321,2633.80066,2633.04081,2633.29230,3105.00,0.19667,true
XAUUSDm,M15,2025-01-09T07:45:00Z,2633.29230,2633.45237,2632.74936,2633.00769,3438.00,0.20000,true
XAUUSDm,M15,2025-01-09T08:00:00Z,2633.00769,2633.17343,2632.45742,2632.71728,2271.00,0.20333,true
XAUUSDm,M15,2025-01-09T08:15:00Z,2632.71728,2632.89668,2632.23610,2632.49199,2604.00,0.20667,true
XAUUSDm,M15,2025-01-09T08:30:00Z,2632.49199,2632.69059,2632.12437,2632.37125,2937.00,0.18667,true
XAUUSDm,M15,2025-01-09T08:45:00Z,2632.37125,2632.59111,2632.10950,2632.34961,3270.00,0.21333,true
XAUUSDm,M15,2025-01-09T09:00:00Z,2632.34961,2632.62885,2632.12084,2632.37929,2603.00,0.19333,true
XAUUSDm,M15,2025-01-09T09:15:00Z,2632.37929,2632.65060,2632.16671,2632.38754,2436.00,0.19667,true
XAUUSDm,M15,2025-01-09T09:30:00Z,2632.38754,2632.64735,2632.11713,2632.30299,2769.00,0.20000,true
XAUUSDm,M15,2025-01-09T09:45:00Z,2632.30299,2632.56009,2631.90872,2632.08158,3102.00,0.20333,true
XAUUSDm,M15,2025-01-09T10:00:00Z,2632.08158,2632.32746,2631.55912,2631.72307,3435.00,0.20667,true
XAUUSDm,M15,2025-01-09T10:15:00Z,2631.72307,2631.95122,2631.11218,2631.27229,2268.00,0.18667,true
XAUUSDm,M15,2025-01-09T10:30:00Z,2631.27229,2631.47945,2630.64303,2630.80480,2601.00,0.21333,true
XAUUSDm,M15,2025-01-09T10:45:00Z,2630.80480,2630.99146,2630.23296,2630.40169,2934.00,0.19333,true
XAUUSDm,M15,2025-01-09T11:00:00Z,2630.40169,2630.57209,2629.94240,2630.12263,3267.00,0.19667,true
XAUUSDm,M15,2025-01-09T11:15:00Z,2630.12263,2630.28393,2629.79123,2629.98625,2600.00,0.20000,true
XAUUSDm,M15,2025-01-09T11:30:00Z,2629.98625,2630.14725,2629.75113,2629.96483,2433.00,0.20333,true
XAUUSDm,M15,2025-01-09T11:45:00Z,2629.96483,2630.31870,2629.74785,2629.99520,2766.00,0.20667,true
XAUUSDm,M15,2025-01-09T12:00:00Z,2629.99520,2630.20530,2629.75977,2630.00182,3099.00,0.18667,true
XAUUSDm,M15,2025-01-09T12:15:00Z,2630.00182,2630.20759,2629.67125,2629.92409,3432.00,0.21333,true
XAUUSDm,M15,2025-01-09T12:30:00Z,2629.92409,2630.15095,2629.47946,2629.73838,2265.00,0.19333,true
XAUUSDm,M15,2025-01-09T12:45:00Z,2629.73838,2629.98327,2629.20726,2629.46687,2598.00,0.19667,true
XAUUSDm,M15,2025-01-09T13:00:00Z,2629.46687,2629.72349,2628.91551,2629.17035,2931.00,0.20000,true
XAUUSDm,M15,2025-01-09T13:15:00Z,2629.17035,2629.43026,2628.68209,2628.92723,3264.00,0.20333,true
XAUUSDm,M15,2025-01-09T13:30:00Z,2628.92723,2629.18141,2628.57477,2628.80634,3097.00,0.20667,true
XAUUSDm,M15,2025-01-09T13:45:00Z,2628.80634,2629.07081,2628.57413,2628.84277,2430.00,0.18667,true
XAUUSDm,M15,2025-01-09T14:00:00Z,2628.84277,2629.23246,2628.60784,2629.02543,2763.00,0.21333,true
XAUUSDm,M15,2025-01-09T14:15:00Z,2629.02543,2629.48702,2628.83172,2629.30046,3096.00,0.19333,true
XAUUSDm,M15,2025-01-09T14:30:00Z,2629.30046,2629.75981,2629.12132,2629.58949,3429.00,0.19667,true
XAUUSDm,M15,2025-01-09T14:45:00Z,2629.58949,2629.97752,2629.42152,2629.81625,2262.00,0.20000,true
XAUUSDm,M15,2025-01-09T15:00:00Z,2629.81625,2630.09336,2629.65483,2629.93233,2595.00,0.20333,true
XAUUSDm,M15,2025-01-09T15:15:00Z,2629.93233,2630.11366,2629.77062,2629.93310,2928.00,0.20667,true
XAUUSDm,M15,2025-01-09T15:30:00Z,2629.93310,2630.10736,2629.68799,2629.85819,3261.00,0.18667,true
XAUUSDm,M15,2025-01-09T15:45:00Z,2629.85819,2630.05020,2629.59415,2629.77643,3094.00,0.21333,true
XAUUSDm,M15,2025-01-09T16:00:00Z,2629.77643,2630.10459,2629.58936,2629.87762,2427.00,0.19333,true
XAUUSDm,M15,2025-01-09T16:15:00Z,2629.87762,2630.39153,2629.67475,2630.09473,2760.00,0.19667,true
XAUUSDm,M15,2025-01-09T16:30:00Z,2630.09473,2630.69288,2629.87527,2630.43621,3093.00,0.20000,true
XAUUSDm,M15,2025-01-09T16:45:00Z,2630.43621,2631.12466,2630.20121,2630.86475,3426.00,0.20333,true
XAUUSDm,M15,2025-01-09T17:00:00Z,2630.86475,2631.56323,2630.61696,2631.30911,2259.00,0.20667,true
XAUUSDm,M15,2025-01-09T17:15:00Z,2631.30911,2631.92816,2631.05268,2631.68781,2592.00,0.18667,true
XAUUSDm,M15,2025-01-09T17:30:00Z,2631.68781,2632.15768,2631.42786,2631.93659,2925.00,0.21333,true
XAUUSDm,M15,2025-01-09T17:45:00Z,2631.93659,2632.22972,2631.67862,2632.02989,3258.00,0.19333,true
XAUUSDm,M15,2025-01-09T18:00:00Z,2632.02989,2632.22286,2631.62321,2631.98901,3091.00,0.19667,true
XAUUSDm,M15,2025-01-09T18:15:00Z,2631.98901,2632.16398,2631.64468,2631.87396,2424.00,0.20000,true
XAUUSDm,M15,2025-01-09T18:30:00Z,2631.87396,2632.03727,2631.54896,2631.76208,2757.00,0.20333,true
XAUUSDm,M15,2025-01-09T18:45:00Z,2631.76208,2631.92217,2631.52163,2631.72067,3090.00,0.20667,true
XAUUSDm,M15,2025-01-09T19:00:00Z,2631.72067,2631.95772,2631.52931,2631.78337,3423.00,0.18667,true
XAUUSDm,M15,2025-01-09T19:15:00Z,2631.78337,2632.13061,2631.60616,2631.93848,2256.00,0.21333,true
XAUUSDm,M15,2025-01-09T19:30:00Z,2631.93848,2632.34640,2631.77181,2632.13324,2589.00,0.19333,true
XAUUSDm,M15,2025-01-09T19:45:00Z,2632.13324,2632.52636,2631.97235,2632.29275,2922.00,0.19667,true
XAUUSDm,M15,2025-01-09T20:00:00Z,2632.29275,2632.59645,2632.13223,2632.34666,3255.00,0.20000,true
XAUUSDm,M15,2025-01-09T20:15:00Z,2632.34666,2632.60035,2632.08276,2632.25452,3088.00,0.20333,true
XAUUSDm,M15,2025-01-09T20:30:00Z,2632.25452,2632.51436,2631.83640,2632.02080,2421.00,0.20667,true
XAUUSDm,M15,2025-01-09T20:45:00Z,2632.02080,2632.46132,2631.49448,2631.69435,2754.00,0.18667,true
XAUUSDm,M15,2025-01-09T21:00:00Z,2631.69435,2631.93996,2631.13597,2631.35242,3087.00,0.21333,true
XAUUSDm,M15,2025-01-09T21:15:00Z,2631.35242,2631.58022,2630.84258,2631.07489,3420.00,0.19333,true
XAUUSDm,M15,2025-01-09T21:30:00Z,2631.07489,2631.28167,2630.67192,2630.91764,2253.00,0.19667,true
XAUUSDm,M15,2025-01-09T21:45:00Z,2630.91764,2631.10398,2630.63311,2630.89429,2586.00,0.20000,true
XAUUSDm,M15,2025-01-09T22:00:00Z,2630.89429,2631.13600,2630.49300,2630.97273,2919.00,0.20333,true
XAUUSDm,M15,2025-01-09T22:15:00Z,2630.97273,2631.24773,2630.71273,2631.08762,3252.00,0.20667,true
XAUUSDm,M15,2025-01-09T22:30:00Z,2631.08762,2631.33041,2630.83043,2631.16444,3085.00,0.18667,true
XAUUSDm,M15,2025-01-09T22:45:00Z,2631.16444,2631.34526,2630.90524,2631.14664,2418.00,0.21333,true
XAUUSDm,M15,2025-01-09T23:00:00Z,2631.14664,2631.33242,2630.78955,2631.01649,2751.00,0.19333,true
XAUUSDm,M15,2025-01-09T23:15:00Z,2631.01649,2631.22263,2630.59156,2630.80218,3084.00,0.19667,true
XAUUSDm,M15,2025-01-09T23:30:00Z,2630.80218,2631.02939,2630.37456,2630.56878,3417.00,0.20000,true
XAUUSDm,M15,2025-01-09T23:45:00Z,2630.56878,2630.81395,2630.21661,2630.39618,2250.00,0.20333,true
XAUUSDm,M15,2025-01-10T00:00:00Z,2630.39618,2630.65294,2630.17781,2630.35161,2583.00,0.20667,true
XAUUSDm,M15,2025-01-10T00:15:00Z,2630.35161,2630.72346,2630.18615,2630.46653,2916.00,0.18667,true
XAUUSDm,M15,2025-01-10T00:30:00Z,2630.46653,2630.97122,2630.30605,2630.72570,3249.00,0.21333,true
XAUUSDm,M15,2025-01-10T00:45:00Z,2630.72570,2631.30018,2630.56475,2631.07249,3082.00,0.19333,true
XAUUSDm,M15,2025-01-10T01:00:00Z,2631.07249,2631.84155,2630.90568,2631.42841,2415.00,0.19667,true
XAUUSDm,M15,2025-01-10T01:15:00Z,2631.42841,2631.90632,2631.25098,2631.72010,2748.00,0.20000,true
XAUUSDm,M15,2025-01-10T01:30:00Z,2631.72010,2632.07445,2631.52846,2631.90435,3081.00,0.20333,true
XAUUSDm,M15,2025-01-10T01:45:00Z,2631.90435,2632.14368,2631.60333,2631.98250,3414.00,0.20667,true
XAUUSDm,M15,2025-01-10T02:00:00Z,2631.98250,2632.16012,2631.75817,2631.99902,2247.00,0.18667,true
XAUUSDm,M15,2025-01-10T02:15:00Z,2631.99902,2632.19488,2631.75930,2632.02501,2580.00,0.21333,true
XAUUSDm,M15,2025-01-10T02:30:00Z,2632.02501,2632.31810,2631.77413,2632.13221,2913.00,0.19333,true
XAUUSDm,M15,2025-01-10T02:45:00Z,2632.13221,2632.57305,2631.87416,2632.36677,3246.00,0.19667,true
XAUUSDm,M15,2025-01-10T03:00:00Z,2632.36677,2632.95918,2632.10684,2632.73185,3079.00,0.20000,true
XAUUSDm,M15,2025-01-10T03:15:00Z,2632.73185,2633.43050,2632.47554,2633.18524,2412.00,0.20333,true
XAUUSDm,M15,2025-01-10T03:30:00Z,2633.18524,2633.90963,2632.93765,2633.65283,2745.00,0.20667,true
XAUUSDm,M15,2025-01-10T03:45:00Z,2633.65283,2634.31307,2633.41808,2634.05319,3078.00,0.18667,true
XAUUSDm,M15,2025-01-10T04:00:00Z,2634.05319,2634.57879,2633.83402,2634.32485,3411.00,0.21333,true
XAUUSDm,M15,2025-01-10T04:15:00Z,2634.32485,2634.68662,2634.12227,2634.44657,2244.00,0.19333,true
XAUUSDm,M15,2025-01-10T04:30:00Z,2634.44657,2634.69104,2634.25976,2634.44376,2577.00,0.19667,true
XAUUSDm,M15,2025-01-10T04:45:00Z,2634.44376,2634.65742,2634.21168,2634.37862,2910.00,0.20000,true
XAUUSDm,M15,2025-01-10T05:00:00Z,2634.37862,2634.57122,2634.16664,2634.32763,3243.00,0.20333,true
XAUUSDm,M15,2025-01-10T05:15:00Z,2634.32763,2634.52037,2634.16542,2634.35422,3076.00,0.20667,true
XAUUSDm,M15,2025-01-10T05:30:00Z,2634.35422,2634.73576,2634.19273,2634.48608,2409.00,0.18667,true
XAUUSDm,M15,2025-01-10T05:45:00Z,2634.48608,2634.86834,2634.23618,2634.70520,2742.00,0.21333,true
XAUUSDm,M15,2025-01-10T06:00:00Z,2634.70520,2635.12867,2634.52583,2634.95406,3075.00,0.19333,true
XAUUSDm,M15,2025-01-10T06:15:00Z,2634.95406,2635.34825,2634.76007,2635.15576,3408.00,0.19667,true
XAUUSDm,M15,2025-01-10T06:30:00Z,2635.15576,2635.45466,2634.94539,2635.24113,2241.00,0.20000,true
XAUUSDm,M15,2025-01-10T06:45:00Z,2635.24113,2635.46354,2634.93663,2635.17332,2574.00,0.20333,true
XAUUSDm,M15,2025-01-10T07:00:00Z,2635.17332,2635.41327,2634.71222,2634.96127,2907.00,0.20667,true
XAUUSDm,M15,2025-01-10T07:15:00Z,2634.96127,2635.21515,2634.40021,2634.65732,3240.00,0.18667,true
XAUUSDm,M15,2025-01-10T07:30:00Z,2634.65732,2634.91720,2634.07985,2634.33984,3073.00,0.21333,true
XAUUSDm,M15,2025-01-10T07:45:00Z,2634.33984,2634.59669,2633.82947,2634.08685,2406.00,0.19333,true
XAUUSDm,M15,2025-01-10T08:00:00Z,2634.08685,2634.33219,2633.70034,2633.94987,2739.00,0.19667,true
XAUUSDm,M15,2025-01-10T08:15:00Z,2633.94987,2634.17732,2633.68689,2633.93717,3072.00,0.20000,true
XAUUSDm,M15,2025-01-10T08:30:00Z,2633.93717,2634.20458,2633.70464,2634.01209,3405.00,0.20333,true
XAUUSDm,M15,2025-01-10T08:45:00Z,2634.01209,2634.28176,2633.79540,2634.10715,2238.00,0.20667,true
XAUUSDm,M15,2025-01-10T09:00:00Z,2634.10715,2634.31204,2633.90704,2634.14891,2571.00,0.18667,true
XAUUSDm,M15,2025-01-10T09:15:00Z,2634.14891,2634.31004,2633.90915,2634.08490,2904.00,0.21333,true
XAUUSDm,M15,2025-01-10T09:30:00Z,2634.08490,2634.24606,2633.73744,2633.90316,3237.00,0.19333,true
XAUUSDm,M15,2025-01-10T09:45:00Z,2633.90316,2634.07317,2633.47700,2633.63756,3070.00,0.19667,true
XAUUSDm,M15,2025-01-10T10:00:00Z,2633.63756,2633.99622,2633.19620,2633.35704,2403.00,0.20000,true
XAUUSDm,M15,2025-01-10T10:15:00Z,2633.35704,2633.56357,2632.97592,2633.14246,2736.00,0.20333,true
XAUUSDm,M15,2025-01-10T10:30:00Z,2633.14246,2633.37003,2632.88208,2633.05911,3069.00,0.20667,true
XAUUSDm,M15,2025-01-10T10:45:00Z,2633.05911,2633.38854,2632.87771,2633.13460,3402.00,0.18667,true
XAUUSDm,M15,2025-01-10T11:00:00Z,2633.13460,2633.60956,2632.93822,2633.34968,2235.00,0.21333,true
XAUUSDm,M15,2025-01-10T11:15:00Z,2633.34968,2633.90204,2633.13680,2633.64523,2568.00,0.19333,true
XAUUSDm,M15,2025-01-10T11:30:00Z,2633.64523,2634.18836,2633.41619,2633.94311,2901.00,0.19667,true
XAUUSDm,M15,2025-01-10T11:45:00Z,2633.94311,2634.40063,2633.69998,2634.17330,3234.00,0.20000,true
XAUUSDm,M15,2025-01-10T12:00:00Z,2634.17330,2634.50447,2633.91974,2634.29820,3067.00,0.20333,true
XAUUSDm,M15,2025-01-10T12:15:00Z,2634.29820,2634.51717,2634.03901,2634.32529,2400.00,0.20667,true
XAUUSDm,M15,2025-01-10T12:30:00Z,2634.32529,2634.50519,2634.04742,2634.30393,2733.00,0.18667,true
XAUUSDm,M15,2025-01-10T12:45:00Z,2634.30393,2634.46996,2634.04432,2634.30739,3066.00,0.21333,true
XAUUSDm,M15,2025-01-10T13:00:00Z,2634.30739,2634.56754,2634.06329,2634.40635,3399.00,0.19333,true
XAUUSDm,M15,2025-01-10T13:15:00Z,2634.40635,2634.81327,2634.17608,2634.64317,2232.00,0.19667,true
XAUUSDm,M15,2025-01-10T13:30:00Z,2634.64317,2635.20224,2634.42837,2635.01602,2565.00,0.20000,true
XAUUSDm,M15,2025-01-10T13:45:00Z,2635.01602,2635.68493,2634.81836,2635.47827,2898.00,0.20333,true
XAUUSDm,M5,2025-01-06T00:00:00Z,2630.00000,2630.37400,2629.59600,2630.02000,700.00,0.17000,true
XAUUSDm,M5,2025-01-06T00:05:00Z,2630.02000,2630.39687,2629.76031,2630.17976,737.00,0.21000,true
XAUUSDm,M5,2025-01-06T00:10:00Z,2630.17976,2630.56045,2629.92099,2630.33636,774.00,0.18000,true
XAUUSDm,M5,2025-01-06T00:15:00Z,2630.33636,2630.71754,2630.07911,2630.48677,811.00,0.22000,true
XAUUSDm,M5,2025-01-06T00:20:00Z,2630.48677,2630.86523,2630.23162,2630.62819,848.00,0.19000,true
XAUUSDm,M5,2025-01-06T00:25:00Z,2630.62819,2631.00091,2630.37571,2630.75816,885.00,0.23000,true
XAUUSDm,M5,2025-01-06T00:30:00Z,2630.75816,2631.12246,2630.50886,2630.87466,922.00,0.20000,true
XAUUSDm,M5,2025-01-06T00:35:00Z,2630.87466,2631.22826,2630.62904,2630.97618,959.00,0.17000,true
XAUUSDm,M5,2025-01-06T00:40:00Z,2630.97618,2631.31727,2630.73467,2631.06177,996.00,0.21000,true
XAUUSDm,M5,2025-01-06T00:45:00Z,2631.06177,2631.38907,2630.82476,2631.13108,1033.00,0.18000,true
XAUUSDm,M5,2025-01-06T00:50:00Z,2631.13108,2631.44386,2630.89890,2631.18437,1070.00,0.22000,true
XAUUSDm,M5,2025-01-06T00:55:00Z,2631.18437,2631.48248,2630.95729,2631.22248,1107.00,0.19000,true
XAUUSDm,M5,2025-01-06T01:00:00Z,2631.22248,2631.50629,2631.00071,2631.24680,1144.00,0.23000,true
XAUUSDm,M5,2025-01-06T01:05:00Z,2631.24680,2631.51721,2631.03050,2631.25924,1181.00,0.20000,true
XAUUSDm,M5,2025-01-06T01:10:00Z,2631.25924,2631.51756,2631.04848,2631.26209,718.00,0.17000,true
XAUUSDm,M5,2025-01-06T01:15:00Z,2631.26209,2631.51413,2631.05277,2631.25798,755.00,0.21000,true
XAUUSDm,M5,2025-01-06T01:20:00Z,2631.25798,2631.50574,2631.05000,2631.24972,792.00,0.18000,true
XAUUSDm,M5,2025-01-06T01:25:00Z,2631.24972,2631.49243,2631.04588,2631.24024,829.00,0.22000,true
XAUUSDm,M5,2025-01-06T01:30:00Z,2631.24024,2631.47723,2631.04322,2631.23241,866.00,0.19000,true
XAUUSDm,M5,2025-01-06T01:35:00Z,2631.23241,2631.46313,2631.04469,2631.22897,903.00,0.23000,true
XAUUSDm,M5,2025-01-06T01:40:00Z,2631.22897,2631.45642,2631.04929,2631.23239,940.00,0.20000,true
XAUUSDm,M5,2025-01-06T01:45:00Z,2631.23239,2631.46184,2631.05693,2631.24479,977.00,0.17000,true
XAUUSDm,M5,2025-01-06T01:50:00Z,2631.24479,2631.47775,2631.07312,2631.26781,1014.00,0.21000,true
XAUUSDm,M5,2025-01-06T01:55:00Z,2631.26781,2631.50542,2631.09947,2631.30260,1051.00,0.18000,true
XAUUSDm,M5,2025-01-06T02:00:00Z,2631.30260,2631.54557,2631.13706,2631.34972,1088.00,0.22000,true
XAUUSDm,M5,2025-01-06T02:05:00Z,2631.34972,2631.59831,2631.18645,2631.40915,1125.00,0.19000,true
XAUUSDm,M5,2025-01-06T02:10:00Z,2631.40915,2631.66316,2631.24756,2631.48026,1162.00,0.23000,true
XAUUSDm,M5,2025-01-06T02:15:00Z,2631.48026,2631.73906,2631.31976,2631.56186,1199.00,0.20000,true
XAUUSDm,M5,2025-01-06T02:20:00Z,2631.56186,2631.82439,2631.40184,2631.65223,736.00,0.17000,true
XAUUSDm,M5,2025-01-06T02:25:00Z,2631.65223,2631.91709,2631.49207,2631.74920,773.00,0.21000,true
XAUUSDm,M5,2025-01-06T02:30:00Z,2631.74920,2632.01467,2631.58828,2631.85019,810.00,0.18000,true
XAUUSDm,M5,2025-01-06T02:35:00Z,2631.85019,2632.11439,2631.68792,2631.95239,847.00,0.22000,true
XAUUSDm,M5,2025-01-06T02:40:00Z,2631.95239,2632.21329,2631.78817,2632.05280,884.00,0.19000,true
XAUUSDm,M5,2025-01-06T02:45:00Z,2632.05280,2632.30839,2631.88606,2632.14839,921.00,0.23000,true
XAUUSDm,M5,2025-01-06T02:50:00Z,2632.14839,2632.39671,2631.97860,2632.23619,958.00,0.20000,true
XAUUSDm,M5,2025-01-06T02:55:00Z,2632.23619,2632.47551,2632.06287,2632.31346,995.00,0.17000,true
XAUUSDm,M5,2025-01-06T03:00:00Z,2632.31346,2632.54228,2632.13614,2632.37772,1032.00,0.21000,true
XAUUSDm,M5,2025-01-06T03:05:00Z,2632.37772,2632.59493,2632.19600,2632.42693,1069.00,0.18000,true
XAUUSDm,M5,2025-01-06T03:10:00Z,2632.42693,2632.63181,2632.24047,2632.45952,1106.00,0.22000,true
XAUUSDm,M5,2025-01-06T03:15:00Z,2632.45952,2632.65182,2632.26803,2632.47448,1143.00,0.19000,true
XAUUSDm,M5,2025-01-06T03:20:00Z,2632.47448,2632.65754,2632.27461,2632.47137,1180.00,0.23000,true
XAUUSDm,M5,2025-01-06T03:25:00Z,2632.47137,2632.66070,2632.24819,2632.45038,717.00,0.20000,true
XAUUSDm,M5,2025-01-06T03:30:00Z,2632.45038,2632.64641,2632.20458,2632.41230,754.00,0.17000,true
XAUUSDm,M5,2025-01-06T03:35:00Z,2632.41230,2632.61531,2632.14522,2632.35849,791.00,0.21000,true
XAUUSDm,M5,2025-01-06T03:40:00Z,2632.35849,2632.56862,2632.07205,2632.29083,828.00,0.18000,true
XAUUSDm,M5,2025-01-06T03:45:00Z,2632.29083,2632.50808,2631.98748,2632.21167,865.00,0.22000,true
XAUUSDm,M5,2025-01-06T03:50:00Z,2632.21167,2632.43588,2631.89427,2632.12369,902.00,0.19000,true
XAUUSDm,M5,2025-01-06T03:55:00Z,2632.12369,2632.35458,2631.62650,2632.02983,939.00,0.23000,true
XAUUSDm,M5,2025-01-06T04:00:00Z,2632.02983,2632.26698,2631.69411,2631.93320,976.00,0.20000,true
XAUUSDm,M5,2025-01-06T04:05:00Z,2631.93320,2632.17605,2631.59348,2631.83690,1013.00,0.17000,true
XAUUSDm,M5,2025-01-06T04:10:00Z,2631.83690,2632.08479,2631.49660,2631.74394,1050.00,0.21000,true
XAUUSDm,M5,2025-01-06T04:15:00Z,2631.74394,2631.99608,2631.40632,2631.65711,1087.00,0.18000,true
XAUUSDm,M5,2025-01-06T04:20:00Z,2631.65711,2631.91266,2631.32513,2631.57888,1124.00,0.22000,true
XAUUSDm,M5,2025-01-06T04:25:00Z,2631.57888,2631.98090,2631.25514,2631.51131,1161.00,0.19000,true
XAUUSDm,M5,2025-01-06T04:30:00Z,2631.51131,2631.77082,2631.19793,2631.45593,1198.00,0.23000,true
XAUUSDm,M5,2025-01-06T04:35:00Z,2631.45593,2631.71593,2631.15451,2631.41377,735.00,0.20000,true
XAUUSDm,M5,2025-01-06T04:40:00Z,2631.41377,2631.67324,2631.12532,2631.38523,772.00,0.17000,true
XAUUSDm,M5,2025-01-06T04:45:00Z,2631.38523,2631.64316,2631.11019,2631.37012,809.00,0.21000,true
XAUUSDm,M5,2025-01-06T04:50:00Z,2631.37012,2631.62554,2631.10833,2631.36768,846.00,0.18000,true
XAUUSDm,M5,2025-01-06T04:55:00Z,2631.36768,2631.62853,2631.10952,2631.37656,883.00,0.22000,true
XAUUSDm,M5,2025-01-06T05:00:00Z,2631.37656,2631.64263,2631.12019,2631.39495,920.00,0.19000,true
XAUUSDm,M5,2025-01-06T05:05:00Z,2631.39495,2631.66322,2631.14094,2631.42061,957.00,0.23000,true
XAUUSDm,M5,2025-01-06T05:10:00Z,2631.42061,2631.68787,2631.16951,2631.45098,994.00,0.20000,true
XAUUSDm,M5,2025-01-06T05:15:00Z,2631.45098,2631.71389,2631.20329,2631.48329,1031.00,0.17000,true
XAUUSDm,M5,2025-01-06T05:20:00Z,2631.48329,2631.73856,2631.23947,2631.51465,1068.00,0.21000,true
XAUUSDm,M5,2025-01-06T05:25:00Z,2631.51465,2631.75915,2631.27512,2631.54222,1105.00,0.18000,true
XAUUSDm,M5,2025-01-06T05:30:00Z,2631.54222,2631.77309,2631.30735,2631.56328,1142.00,0.22000,true
XAUUSDm,M5,2025-01-06T05:35:00Z,2631.56328,2631.77807,2631.33337,2631.57538,1179.00,0.19000,true
XAUUSDm,M5,2025-01-06T05:40:00Z,2631.57538,2631.77213,2631.35068,2631.57641,716.00,0.23000,true
XAUUSDm,M5,2025-01-06T05:45:00Z,2631.57641,2631.76545,2631.34540,2631.56471,753.00,0.20000,true
XAUUSDm,M5,2025-01-06T05:50:00Z,2631.56471,2631.74751,2631.32536,2631.53916,790.00,0.17000,true
XAUUSDm,M5,2025-01-06T05:55:00Z,2631.53916,2631.71627,2631.29094,2631.49919,827.00,0.21000,true
XAUUSDm,M5,2025-01-06T06:00:00Z,2631.49919,2631.67127,2631.24210,2631.44482,864.00,0.18000,true
XAUUSDm,M5,2025-01-06T06:05:00Z,2631.44482,2631.61265,2631.17941,2631.37670,901.00,0.22000,true
XAUUSDm,M5,2025-01-06T06:10:00Z,2631.37670,2631.54113,2631.10401,2631.29602,938.00,0.19000,true
XAUUSDm,M5,2025-01-06T06:15:00Z,2631.29602,2631.45798,2631.01760,2631.20454,975.00,0.23000,true
XAUUSDm,M5,2025-01-06T06:20:00Z,2631.20454,2631.36501,2630.92232,2631.10448,1012.00,0.20000,true
XAUUSDm,M5,2025-01-06T06:25:00Z,2631.10448,2631.26448,2630.82073,2630.99846,1049.00,0.17000,true
XAUUSDm,M5,2025-01-06T06:30:00Z,2630.99846,2631.15900,2630.71569,2630.88938,1086.00,0.21000,true
XAUUSDm,M5,2025-01-06T06:35:00Z,2630.88938,2631.05147,2630.61023,2630.78034,1123.00,0.18000,true
XAUUSDm,M5,2025-01-06T06:40:00Z,2630.78034,2630.94495,2630.50745,2630.67446,1160.00,0.22000,true
XAUUSDm,M5,2025-01-06T06:45:00Z,2630.67446,2630.84252,2630.41039,2630.57484,1197.00,0.19000,true
XAUUSDm,M5,2025-01-06T06:50:00Z,2630.57484,2630.74720,2630.32194,2630.48438,734.00,0.23000,true
XAUUSDm,M5,2025-01-06T06:55:00Z,2630.48438,2630.66182,2630.24468,2630.40571,771.00,0.20000,true
XAUUSDm,M5,2025-01-06T07:00:00Z,2630.40571,2630.58888,2630.18083,2630.34104,808.00,0.17000,true
XAUUSDm,M5,2025-01-06T07:05:00Z,2630.34104,2630.53049,2630.13213,2630.29214,845.00,0.21000,true
XAUUSDm,M5,2025-01-06T07:10:00Z,2630.29214,2630.48829,2630.09978,2630.26021,882.00,0.18000,true
XAUUSDm,M5,2025-01-06T07:15:00Z,2630.26021,2630.46334,2630.08443,2630.24588,919.00,0.22000,true
XAUUSDm,M5,2025-01-06T07:20:00Z,2630.24588,2630.45942,2630.08280,2630.24917,956.00,0.19000,true
XAUUSDm,M5,2025-01-06T07:25:00Z,2630.24917,2630.48685,2630.08388,2630.26948,993.00,0.23000,true
XAUUSDm,M5,2025-01-06T07:30:00Z,2630.26948,2630.52999,2630.10144,2630.30566,1030.00,0.20000,true
XAUUSDm,M5,2025-01-06T07:35:00Z,2630.30566,2630.58700,2630.13434,2630.35599,1067.00,0.17000,true
XAUUSDm,M5,2025-01-06T07:40:00Z,2630.35599,2630.65559,2630.18092,2630.41834,1104.00,0.21000,true
XAUUSDm,M5,2025-01-06T07:45:00Z,2630.41834,2630.73310,2630.23908,2630.49016,1141.00,0.18000,true
XAUUSDm,M5,2025-01-06T07:50:00Z,2630.49016,2630.81662,2630.16234,2630.56866,1178.00,0.22000,true
XAUUSDm,M5,2025-01-06T07:55:00Z,2630.56866,2630.90310,2630.37996,2630.65089,715.00,0.19000,true
XAUUSDm,M5,2025-01-06T08:00:00Z,2630.65089,2630.98945,2630.45704,2630.73385,752.00,0.23000,true
XAUUSDm,M5,2025-01-06T08:05:00Z,2630.73385,2631.07269,2630.53465,2630.81464,789.00,0.20000,true
XAUUSDm,M5,2025-01-06T08:10:00Z,2630.81464,2631.15009,2630.60997,2630.89056,826.00,0.17000,true
XAUUSDm,M5,2025-01-06T08:15:00Z,2630.89056,2631.21920,2630.68034,2630.95920,863.00,0.21000,true
XAUUSDm,M5,2025-01-06T08:20:00Z,2630.95920,2631.27802,2630.74343,2631.01857,900.00,0.18000,true
XAUUSDm,M5,2025-01-06T08:25:00Z,2631.01857,2631.32507,2630.79734,2631.06718,937.00,0.22000,true
XAUUSDm,M5,2025-01-06T08:30:00Z,2631.06718,2631.35940,2630.84061,2631.10404,974.00,0.19000,true
XAUUSDm,M5,2025-01-06T08:35:00Z,2631.10404,2631.38069,2630.87234,2631.12879,1011.00,0.23000,true
XAUUSDm,M5,2025-01-06T08:40:00Z,2631.12879,2631.38922,2630.89223,2631.14163,1048.00,0.20000,true
XAUUSDm,M5,2025-01-06T08:45:00Z,2631.14163,2631.38590,2630.90054,2631.14338,1085.00,0.17000,true
XAUUSDm,M5,2025-01-06T08:50:00Z,2631.14338,2631.52416,2630.89015,2631.13539,1122.00,0.21000,true
XAUUSDm,M5,2025-01-06T08:55:00Z,2631.13539,2631.36588,2630.87056,2631.11951,1159.00,0.18000,true
XAUUSDm,M5,2025-01-06T09:00:00Z,2631.11951,2631.34330,2630.84584,2631.09804,1196.00,0.22000,true
XAUUSDm,M5,2025-01-06T09:05:00Z,2631.09804,2631.31484,2630.81865,2631.07356,733.00,0.19000,true
XAUUSDm,M5,2025-01-06T09:10:00Z,2631.07356,2631.28325,2630.79186,2631.04893,770.00,0.23000,true
XAUUSDm,M5,2025-01-06T09:15:00Z,2631.04893,2631.25150,2630.76843,2631.02707,807.00,0.20000,true
XAUUSDm,M5,2025-01-06T09:20:00Z,2631.02707,2631.22268,2630.75131,2631.01093,844.00,0.17000,true
XAUUSDm,M5,2025-01-06T09:25:00Z,2631.01093,2631.19987,2630.74331,2631.00331,881.00,0.21000,true
XAUUSDm,M5,2025-01-06T09:30:00Z,2631.00331,2631.18944,2630.74356,2631.00674,918.00,0.18000,true
XAUUSDm,M5,2025-01-06T09:35:00Z,2631.00674,2631.20046,2630.74786,2631.02345,955.00,0.22000,true
XAUUSDm,M5,2025-01-06T09:40:00Z,2631.02345,2631.22718,2630.76603,2631.05519,992.00,0.19000,true
XAUUSDm,M5,2025-01-06T09:45:00Z,2631.05519,2631.27096,2630.79981,2631.10320,1029.00,0.23000,true
XAUUSDm,M5,2025-01-06T09:50:00Z,2631.10320,2631.33254,2630.85044,2631.16816,1066.00,0.20000,true
XAUUSDm,M5,2025-01-06T09:55:00Z,2631.16816,2631.41208,2630.91854,2631.25015,1103.00,0.17000,true
XAUUSDm,M5,2025-01-06T10:00:00Z,2631.25015,2631.50909,2631.00415,2631.34863,1140.00,0.21000,true
XAUUSDm,M5,2025-01-06T10:05:00Z,2631.34863,2631.62248,2631.10670,2631.46247,1177.00,0.18000,true
XAUUSDm,M5,2025-01-06T10:10:00Z,2631.46247,2631.75057,2631.22501,2631.59001,714.00,0.22000,true
XAUUSDm,M5,2025-01-06T10:15:00Z,2631.59001,2631.89121,2631.35735,2631.72908,751.00,0.19000,true
XAUUSDm,M5,2025-01-06T10:20:00Z,2631.72908,2632.04178,2631.50150,2631.87711,788.00,0.23000,true
XAUUSDm,M5,2025-01-06T10:25:00Z,2631.87711,2632.19935,2631.65483,2632.03122,825.00,0.20000,true
XAUUSDm,M5,2025-01-06T10:30:00Z,2632.03122,2632.36078,2631.81438,2632.18833,862.00,0.17000,true
XAUUSDm,M5,2025-01-06T10:35:00Z,2632.18833,2632.52281,2631.97703,2632.34527,899.00,0.21000,true
XAUUSDm,M5,2025-01-06T10:40:00Z,2632.34527,2632.68221,2632.13952,2632.49893,936.00,0.18000,true
XAUUSDm,M5,2025-01-06T10:45:00Z,2632.49893,2632.83590,2632.29868,2632.64634,973.00,0.22000,true
XAUUSDm,M5,2025-01-06T10:50:00Z,2632.64634,2632.98107,2632.45146,2632.78479,1010.00,0.19000,true
XAUUSDm,M5,2025-01-06T10:55:00Z,2632.78479,2633.11524,2632.59511,2632.91198,1047.00,0.23000,true
XAUUSDm,M5,2025-01-06T11:00:00Z,2632.91198,2633.23642,2632.72724,2633.02604,1084.00,0.20000,true
XAUUSDm,M5,2025-01-06T11:05:00Z,2633.02604,2633.34313,2632.84593,2633.12564,1121.00,0.17000,true
XAUUSDm,M5,2025-01-06T11:10:00Z,2633.12564,2633.43446,2632.94978,2633.21001,1158.00,0.21000,true
XAUUSDm,M5,2025-01-06T11:15:00Z,2633.21001,2633.51013,2633.03799,2633.27900,1195.00,0.18000,true
XAUUSDm,M5,2025-01-06T11:20:00Z,2633.27900,2633.57043,2633.11036,2633.33307,732.00,0.22000,true
XAUUSDm,M5,2025-01-06T11:25:00Z,2633.33307,2633.61626,2633.16728,2633.37322,769.00,0.19000,true
XAUUSDm,M5,2025-01-06T11:30:00Z,2633.37322,2633.64907,2633.20975,2633.40103,806.00,0.23000,true
XAUUSDm,M5,2025-01-06T11:35:00Z,2633.40103,2633.67078,2633.23930,2633.41850,843.00,0.20000,true
XAUUSDm,M5,2025-01-06T11:40:00Z,2633.41850,2633.68370,2633.25792,2633.42805,880.00,0.17000,true
XAUUSDm,M5,2025-01-06T11:45:00Z,2633.42805,2633.69043,2633.12401,2633.43235,917.00,0.21000,true
XAUUSDm,M5,2025-01-06T11:50:00Z,2633.43235,2633.69379,2633.27222,2633.43424,954.00,0.18000,true
XAUUSDm,M5,2025-01-06T11:55:00Z,2633.43424,2633.69662,2633.27342,2633.43662,991.00,0.22000,true
XAUUSDm,M5,2025-01-06T12:00:00Z,2633.43662,2633.70175,2633.27451,2633.44232,1028.00,0.19000,true
XAUUSDm,M5,2025-01-06T12:05:00Z,2633.44232,2633.71180,2633.27831,2633.45395,1065.00,0.23000,true
XAUUSDm,M5,2025-01-06T12:10:00Z,2633.45395,2633.72916,2633.28748,2633.47385,1102.00,0.20000,true
XAUUSDm,M5,2025-01-06T12:15:00Z,2633.47385,2633.75579,2633.30439,2633.50396,1139.00,0.17000,true
XAUUSDm,M5,2025-01-06T12:20:00Z,2633.50396,2633.79324,2633.33100,2633.54573,1176.00,0.21000,true
XAUUSDm,M5,2025-01-06T12:25:00Z,2633.54573,2633.84250,2633.36882,2633.60008,713.00,0.18000,true
XAUUSDm,M5,2025-01-06T12:30:00Z,2633.60008,2633.90401,2633.41881,2633.66735,750.00,0.22000,true
XAUUSDm,M5,2025-01-06T12:35:00Z,2633.66735,2633.97763,2633.48136,2633.74726,787.00,0.19000,true
XAUUSDm,M5,2025-01-06T12:40:00Z,2633.74726,2634.06263,2633.55626,2633.83897,824.00,0.23000,true
XAUUSDm,M5,2025-01-06T12:45:00Z,2633.83897,2634.15773,2633.64272,2633.94105,861.00,0.20000,true
XAUUSDm,M5,2025-01-06T12:50:00Z,2633.94105,2634.26115,2633.73939,2634.05159,898.00,0.17000,true
XAUUSDm,M5,2025-01-06T12:55:00Z,2634.05159,2634.37067,2633.84441,2634.16823,935.00,0.21000,true
XAUUSDm,M5,2025-01-06T13:00:00Z,2634.16823,2634.48374,2633.95550,2634.28826,972.00,0.18000,true
XAUUSDm,M5,2025-01-06T13:05:00Z,2634.28826,2634.59757,2634.07001,2634.40875,1009.00,0.22000,true
XAUUSDm,M5,2025-01-06T13:10:00Z,2634.40875,2634.70922,2634.18508,2634.52664,1046.00,0.19000,true
XAUUSDm,M5,2025-01-06T13:15:00Z,2634.52664,2635.01776,2634.29772,2634.63885,1083.00,0.23000,true
XAUUSDm,M5,2025-01-06T13:20:00Z,2634.63885,2634.91437,2634.40493,2634.74246,1120.00,0.20000,true
XAUUSDm,M5,2025-01-06T13:25:00Z,2634.74246,2635.00242,2634.50381,2634.83473,1157.00,0.17000,true
XAUUSDm,M5,2025-01-06T13:30:00Z,2634.83473,2635.07762,2634.59171,2634.91330,1194.00,0.21000,true
XAUUSDm,M5,2025-01-06T13:35:00Z,2634.91330,2635.13811,2634.66632,2634.97622,731.00,0.18000,true
XAUUSDm,M5,2025-01-06T13:40:00Z,2634.97622,2635.18250,2634.72574,2635.02206,768.00,0.22000,true
XAUUSDm,M5,2025-01-06T13:45:00Z,2635.02206,2635.20996,2634.76858,2635.04996,805.00,0.19000,true
XAUUSDm,M5,2025-01-06T13:50:00Z,2635.04996,2635.22023,2634.79401,2635.05965,842.00,0.23000,true
XAUUSDm,M5,2025-01-06T13:55:00Z,2635.05965,2635.22181,2634.79362,2635.05148,879.00,0.20000,true
XAUUSDm,M5,2025-01-06T14:00:00Z,2635.05148,2635.21620,2634.76722,2635.02638,916.00,0.17000,true
XAUUSDm,M5,2025-01-06T14:05:00Z,2635.02638,2635.19459,2634.72600,2634.98588,953.00,0.21000,true
XAUUSDm,M5,2025-01-06T14:10:00Z,2634.98588,2635.15841,2634.67199,2634.93195,990.00,0.18000,true
XAUUSDm,M5,2025-01-06T14:15:00Z,2634.93195,2635.10958,2634.60761,2634.86704,1027.00,0.22000,true
XAUUSDm,M5,2025-01-06T14:20:00Z,2634.86704,2635.05043,2634.53560,2634.79390,1064.00,0.19000,true
XAUUSDm,M5,2025-01-06T14:25:00Z,2634.79390,2634.98358,2634.45892,2634.71549,1101.00,0.23000,true
XAUUSDm,M5,2025-01-06T14:30:00Z,2634.71549,2634.91188,2634.38062,2634.63488,1138.00,0.20000,true
XAUUSDm,M5,2025-01-06T14:35:00Z,2634.63488,2634.83827,2634.30373,2634.55514,1175.00,0.17000,true
XAUUSDm,M5,2025-01-06T14:40:00Z,2634.55514,2634.76564,2634.23111,2634.47916,712.00,0.21000,true
XAUUSDm,M5,2025-01-06T14:45:00Z,2634.47916,2634.69678,2634.16540,2634.40962,749.00,0.18000,true
XAUUSDm,M5,2025-01-06T14:50:00Z,2634.40962,2634.63419,2634.10885,2634.34881,786.00,0.22000,true
XAUUSDm,M5,2025-01-06T14:55:00Z,2634.34881,2634.58005,2634.06326,2634.29860,823.00,0.19000,true
XAUUSDm,M5,2025-01-06T15:00:00Z,2634.29860,2634.53607,2634.02993,2634.26033,860.00,0.23000,true
XAUUSDm,M5,2025-01-06T15:05:00Z,2634.26033,2634.50347,2634.00956,2634.23478,897.00,0.20000,true
XAUUSDm,M5,2025-01-06T15:10:00Z,2634.23478,2634.48291,2634.00229,2634.22213,934.00,0.17000,true
XAUUSDm,M5,2025-01-06T15:15:00Z,2634.22213,2634.47448,2634.00763,2634.22197,971.00,0.21000,true
XAUUSDm,M5,2025-01-06T15:20:00Z,2634.22197,2634.48901,2634.01318,2634.23331,1008.00,0.18000,true
XAUUSDm,M5,2025-01-06T15:25:00Z,2634.23331,2634.51275,2634.03005,2634.25463,1045.00,0.22000,true
XAUUSDm,M5,2025-01-06T15:30:00Z,2634.25463,2634.54349,2634.05682,2634.28393,1082.00,0.19000,true
XAUUSDm,M5,2025-01-06T15:35:00Z,2634.28393,2634.57883,2634.09142,2634.31883,1119.00,0.23000,true
XAUUSDm,M5,2025-01-06T15:40:00Z,2634.31883,2634.61609,2633.98741,2634.35668,1156.00,0.20000,true
XAUUSDm,M5,2025-01-06T15:45:00Z,2634.35668,2634.65245,2634.17407,2634.39463,1193.00,0.17000,true
XAUUSDm,M5,2025-01-06T15:50:00Z,2634.39463,2634.68505,2634.21649,2634.42980,730.00,0.21000,true
XAUUSDm,M5,2025-01-06T15:55:00Z,2634.42980,2634.71111,2634.25573,2634.45935,767.00,0.18000,true
XAUUSDm,M5,2025-01-06T16:00:00Z,2634.45935,2634.72806,2634.28891,2634.48063,804.00,0.22000,true
XAUUSDm,M5,2025-01-06T16:05:00Z,2634.48063,2634.73362,2634.31334,2634.49130,841.00,0.19000,true
XAUUSDm,M5,2025-01-06T16:10:00Z,2634.49130,2634.72786,2634.32470,2634.48937,878.00,0.23000,true
XAUUSDm,M5,2025-01-06T16:15:00Z,2634.48937,2634.71963,2634.31076,2634.47337,915.00,0.20000,true
XAUUSDm,M5,2025-01-06T16:20:00Z,2634.47337,2634.69692,2634.28122,2634.44235,952.00,0.17000,true
XAUUSDm,M5,2025-01-06T16:25:00Z,2634.44235,2634.65891,2634.23567,2634.39593,989.00,0.21000,true
XAUUSDm,M5,2025-01-06T16:30:00Z,2634.39593,2634.60537,2634.17436,2634.33436,1026.00,0.18000,true
XAUUSDm,M5,2025-01-06T16:35:00Z,2634.33436,2634.53668,2634.09811,2634.25847,1063.00,0.22000,true
XAUUSDm,M5,2025-01-06T16:40:00Z,2634.25847,2634.45384,2634.00834,2634.16967,1100.00,0.19000,true
XAUUSDm,M5,2025-01-06T16:45:00Z,2634.16967,2634.35837,2633.90698,2634.06988,1137.00,0.23000,true
XAUUSDm,M5,2025-01-06T16:50:00Z,2634.06988,2634.25236,2633.79643,2633.96148,1174.00,0.20000,true
XAUUSDm,M5,2025-01-06T16:55:00Z,2633.96148,2634.13830,2633.67946,2633.84721,711.00,0.17000,true
XAUUSDm,M5,2025-01-06T17:00:00Z,2633.84721,2634.01904,2633.55908,2633.73006,748.00,0.21000,true
XAUUSDm,M5,2025-01-06T17:05:00Z,2633.73006,2633.89769,2633.43849,2633.61317,785.00,0.18000,true
XAUUSDm,M5,2025-01-06T17:10:00Z,2633.61317,2633.77745,2633.32087,2633.49970,822.00,0.22000,true
XAUUSDm,M5,2025-01-06T17:15:00Z,2633.49970,2633.66156,2633.20934,2633.39270,859.00,0.19000,true
XAUUSDm,M5,2025-01-06T17:20:00Z,2633.39270,2633.55313,2633.10681,2633.29502,896.00,0.23000,true
XAUUSDm,M5,2025-01-06T17:25:00Z,2633.29502,2633.45502,2633.01585,2633.20918,933.00,0.20000,true
XAUUSDm,M5,2025-01-06T17:30:00Z,2633.20918,2633.36978,2632.93862,2633.13729,970.00,0.17000,true
XAUUSDm,M5,2025-01-06T17:35:00Z,2633.13729,2633.29949,2632.87681,2633.08095,1007.00,0.21000,true
XAUUSDm,M5,2025-01-06T17:40:00Z,2633.08095,2633.38973,2632.83153,2633.04121,1044.00,0.18000,true
XAUUSDm,M5,2025-01-06T17:45:00Z,2633.04121,2633.20948,2632.80329,2633.01851,1081.00,0.22000,true
XAUUSDm,M5,2025-01-06T17:50:00Z,2633.01851,2633.19113,2632.79201,2633.01271,1118.00,0.19000,true
XAUUSDm,M5,2025-01-06T17:55:00Z,2633.01271,2633.20078,2632.78666,2633.02306,1155.00,0.23000,true
XAUUSDm,M5,2025-01-06T18:00:00Z,2633.02306,2633.23171,2632.79185,2633.04822,1192.00,0.20000,true
XAUUSDm,M5,2025-01-06T18:05:00Z,2633.04822,2633.27619,2632.81212,2633.08639,729.00,0.17000,true
XAUUSDm,M5,2025-01-06T18:10:00Z,2633.08639,2633.33182,2632.84572,2633.13530,766.00,0.21000,true
XAUUSDm,M5,2025-01-06T18:15:00Z,2633.13530,2633.39587,2632.89044,2633.19237,803.00,0.18000,true
XAUUSDm,M5,2025-01-06T18:20:00Z,2633.19237,2633.46539,2632.94375,2633.25476,840.00,0.22000,true
XAUUSDm,M5,2025-01-06T18:25:00Z,2633.25476,2633.53728,2633.00286,2633.31954,877.00,0.19000,true
XAUUSDm,M5,2025-01-06T18:30:00Z,2633.31954,2633.60847,2633.06487,2633.38377,914.00,0.23000,true
XAUUSDm,M5,2025-01-06T18:35:00Z,2633.38377,2633.67601,2633.12689,2633.44465,951.00,0.20000,true
XAUUSDm,M5,2025-01-06T18:40:00Z,2633.44465,2633.73718,2633.18613,2633.49960,988.00,0.17000,true
XAUUSDm,M5,2025-01-06T18:45:00Z,2633.49960,2633.78963,2633.24004,2633.54640,1025.00,0.21000,true
XAUUSDm,M5,2025-01-06T18:50:00Z,2633.54640,2633.83146,2633.28641,2633.58325,1062.00,0.18000,true
XAUUSDm,M5,2025-01-06T18:55:00Z,2633.58325,2633.86126,2633.32345,2633.60885,1099.00,0.22000,true
XAUUSDm,M5,2025-01-06T19:00:00Z,2633.60885,2633.87825,2633.34986,2633.62250,1136.00,0.19000,true
XAUUSDm,M5,2025-01-06T19:05:00Z,2633.62250,2633.88219,2633.36491,2633.62404,1173.00,0.23000,true
XAUUSDm,M5,2025-01-06T19:10:00Z,2633.62404,2633.88362,2633.35834,2633.61394,710.00,0.20000,true
XAUUSDm,M5,2025-01-06T19:15:00Z,2633.61394,2633.87393,2633.34019,2633.59324,747.00,0.17000,true
XAUUSDm,M5,2025-01-06T19:20:00Z,2633.59324,2633.85263,2633.31355,2633.56350,784.00,0.21000,true
XAUUSDm,M5,2025-01-06T19:25:00Z,2633.56350,2633.82129,2633.28042,2633.52679,821.00,0.18000,true
XAUUSDm,M5,2025-01-06T19:30:00Z,2633.52679,2633.78199,2633.24321,2633.48555,858.00,0.22000,true
XAUUSDm,M5,2025-01-06T19:35:00Z,2633.48555,2633.73725,2633.06060,2633.44252,895.00,0.19000,true
XAUUSDm,M5,2025-01-06T19:40:00Z,2633.44252,2633.68986,2633.16747,2633.40061,932.00,0.23000,true
XAUUSDm,M5,2025-01-06T19:45:00Z,2633.40061,2633.64284,2633.13474,2633.36283,969.00,0.20000,true
XAUUSDm,M5,2025-01-06T19:50:00Z,2633.36283,2633.59929,2633.10930,2633.33211,1006.00,0.17000,true
XAUUSDm,M5,2025-01-06T19:55:00Z,2633.33211,2633.56226,2633.09385,2633.31122,1043.00,0.21000,true
XAUUSDm,M5,2025-01-06T20:00:00Z,2633.31122,2633.53465,2633.09081,2633.30265,1080.00,0.18000,true
XAUUSDm,M5,2025-01-06T20:05:00Z,2633.30265,2633.52493,2633.09636,2633.30850,1117.00,0.22000,true
XAUUSDm,M5,2025-01-06T20:10:00Z,2633.30850,2633.53969,2633.10771,2633.33039,1154.00,0.19000,true
XAUUSDm,M5,2025-01-06T20:15:00Z,2633.33039,2633.57161,2633.13500,2633.36942,1191.00,0.23000,true
XAUUSDm,M5,2025-01-06T20:20:00Z,2633.36942,2633.62134,2633.17924,2633.42610,728.00,0.20000,true
XAUUSDm,M5,2025-01-06T20:25:00Z,2633.42610,2633.68892,2633.24089,2633.50033,765.00,0.17000,true
XAUUSDm,M5,2025-01-06T20:30:00Z,2633.50033,2633.77378,2633.31978,2633.59141,802.00,0.21000,true
XAUUSDm,M5,2025-01-06T20:35:00Z,2633.59141,2633.87477,2633.41516,2633.69804,839.00,0.18000,true
XAUUSDm,M5,2025-01-06T20:40:00Z,2633.69804,2633.99017,2633.52567,2633.81842,876.00,0.22000,true
XAUUSDm,M5,2025-01-06T20:45:00Z,2633.81842,2634.11781,2633.64947,2633.95025,913.00,0.19000,true
XAUUSDm,M5,2025-01-06T20:50:00Z,2633.95025,2634.25510,2633.78421,2634.09088,950.00,0.23000,true
XAUUSDm,M5,2025-01-06T20:55:00Z,2634.09088,2634.39918,2633.92721,2634.23735,987.00,0.20000,true
XAUUSDm,M5,2025-01-06T21:00:00Z,2634.23735,2634.54700,2634.07549,2634.38659,1024.00,0.17000,true
XAUUSDm,M5,2025-01-06T21:05:00Z,2634.38659,2634.69544,2634.22592,2634.53543,1061.00,0.21000,true
XAUUSDm,M5,2025-01-06T21:10:00Z,2634.53543,2634.84144,2634.37537,2634.68082,1098.00,0.18000,true
XAUUSDm,M5,2025-01-06T21:15:00Z,2634.68082,2634.98212,2634.52074,2634.81988,1135.00,0.22000,true
XAUUSDm,M5,2025-01-06T21:20:00Z,2634.81988,2635.11488,2634.65916,2634.95005,1172.00,0.19000,true
XAUUSDm,M5,2025-01-06T21:25:00Z,2634.95005,2635.23749,2634.78808,2635.06915,709.00,0.23000,true
XAUUSDm,M5,2025-01-06T21:30:00Z,2635.06915,2635.34821,2634.90535,2635.17551,746.00,0.20000,true
XAUUSDm,M5,2025-01-06T21:35:00Z,2635.17551,2635.44581,2635.00931,2635.26799,783.00,0.17000,true
XAUUSDm,M5,2025-01-06T21:40:00Z,2635.26799,2635.52964,2635.09884,2635.34604,820.00,0.21000,true
XAUUSDm,M5,2025-01-06T21:45:00Z,2635.34604,2635.59961,2635.17344,2635.40970,857.00,0.18000,true
XAUUSDm,M5,2025-01-06T21:50:00Z,2635.40970,2635.65626,2635.23319,2635.45963,894.00,0.22000,true
XAUUSDm,M5,2025-01-06T21:55:00Z,2635.45963,2635.70065,2635.27880,2635.49702,931.00,0.19000,true
XAUUSDm,M5,2025-01-06T22:00:00Z,2635.49702,2635.70778,2635.29409,2635.47961,968.00,0.23000,true
XAUUSDm,M5,2025-01-06T22:05:00Z,2635.47961,2635.84147,2635.26304,2635.45353,1005.00,0.20000,true
XAUUSDm,M5,2025-01-06T22:10:00Z,2635.45353,2635.67835,2635.22558,2635.42130,1042.00,0.17000,true
XAUUSDm,M5,2025-01-06T22:15:00Z,2635.42130,2635.65277,2635.18452,2635.38565,1079.00,0.21000,true
XAUUSDm,M5,2025-01-06T22:20:00Z,2635.38565,2635.62332,2635.14280,2635.34943,1116.00,0.18000,true
XAUUSDm,M5,2025-01-06T22:25:00Z,2635.34943,2635.59276,2635.10335,2635.31553,1153.00,0.22000,true
XAUUSDm,M5,2025-01-06T22:30:00Z,2635.31553,2635.56382,2635.06898,2635.28669,1190.00,0.19000,true
XAUUSDm,M5,2025-01-06T22:35:00Z,2635.28669,2635.53917,2635.04230,2635.26544,727.00,0.23000,true
XAUUSDm,M5,2025-01-06T22:40:00Z,2635.26544,2635.52124,2635.02556,2635.25397,764.00,0.20000,true
XAUUSDm,M5,2025-01-06T22:45:00Z,2635.25397,2635.51222,2635.02052,2635.25403,801.00,0.17000,true
XAUUSDm,M5,2025-01-06T22:50:00Z,2635.25403,2635.52649,2635.01583,2635.26689,838.00,0.21000,true
XAUUSDm,M5,2025-01-06T22:55:00Z,2635.26689,2635.55324,2635.02428,2635.29324,875.00,0.18000,true
XAUUSDm,M5,2025-01-06T23:00:00Z,2635.29324,2635.59257,2635.04663,2635.33320,912.00,0.22000,true
XAUUSDm,M5,2025-01-06T23:05:00Z,2635.33320,2635.64400,2635.08304,2635.38626,949.00,0.19000,true
XAUUSDm,M5,2025-01-06T23:10:00Z,2635.38626,2635.70650,2635.13304,2635.45135,986.00,0.23000,true
XAUUSDm,M5,2025-01-06T23:15:00Z,2635.45135,2635.77847,2635.19561,2635.52685,1023.00,0.20000,true
XAUUSDm,M5,2025-01-06T23:20:00Z,2635.52685,2635.85790,2635.26916,2635.61065,1060.00,0.17000,true
XAUUSDm,M5,2025-01-06T23:25:00Z,2635.61065,2635.94235,2635.35158,2635.70022,1097.00,0.21000,true
XAUUSDm,M5,2025-01-06T23:30:00Z,2635.70022,2636.02908,2635.27385,2635.79274,1134.00,0.18000,true
XAUUSDm,M5,2025-01-06T23:35:00Z,2635.79274,2636.11521,2635.53276,2635.88518,1171.00,0.22000,true
XAUUSDm,M5,2025-01-06T23:40:00Z,2635.88518,2636.19773,2635.62567,2635.97443,708.00,0.19000,true
XAUUSDm,M5,2025-01-06T23:45:00Z,2635.97443,2636.27371,2635.71599,2636.05740,745.00,0.23000,true
XAUUSDm,M5,2025-01-06T23:50:00Z,2636.05740,2636.34037,2635.80064,2636.13119,782.00,0.20000,true
XAUUSDm,M5,2025-01-06T23:55:00Z,2636.13119,2636.39520,2635.87668,2636.19313,819.00,0.17000,true
XAUUSDm,M5,2025-01-07T00:00:00Z,2636.19313,2636.43607,2635.94142,2636.24095,856.00,0.21000,true
XAUUSDm,M5,2025-01-07T00:05:00Z,2636.24095,2636.46131,2635.99255,2636.27283,893.00,0.18000,true
XAUUSDm,M5,2025-01-07T00:10:00Z,2636.27283,2636.46975,2636.02822,2636.28748,930.00,0.22000,true
XAUUSDm,M5,2025-01-07T00:15:00Z,2636.28748,2636.46411,2636.04379,2636.28418,967.00,0.19000,true
XAUUSDm,M5,2025-01-07T00:20:00Z,2636.28418,2636.45585,2636.02705,2636.26285,1004.00,0.23000,true
XAUUSDm,M5,2025-01-07T00:25:00Z,2636.26285,2636.43034,2635.99308,2636.22398,1041.00,0.20000,true
XAUUSDm,M5,2025-01-07T00:30:00Z,2636.22398,2636.38815,2635.94294,2636.16867,1078.00,0.17000,true
XAUUSDm,M5,2025-01-07T00:35:00Z,2636.16867,2636.33046,2635.87818,2636.09855,1115.00,0.21000,true
XAUUSDm,M5,2025-01-07T00:40:00Z,2636.09855,2636.25895,2635.80085,2636.01574,1152.00,0.18000,true
XAUUSDm,M5,2025-01-07T00:45:00Z,2636.01574,2636.17575,2635.71340,2635.92273,1189.00,0.22000,true
XAUUSDm,M5,2025-01-07T00:50:00Z,2635.92273,2636.08337,2635.61854,2635.82233,726.00,0.19000,true
XAUUSDm,M5,2025-01-07T00:55:00Z,2635.82233,2635.98461,2635.51918,2635.71751,763.00,0.23000,true
XAUUSDm,M5,2025-01-07T01:00:00Z,2635.71751,2635.88240,2635.41829,2635.61130,800.00,0.20000,true
XAUUSDm,M5,2025-01-07T01:05:00Z,2635.61130,2635.77972,2635.31878,2635.50669,837.00,0.17000,true
XAUUSDm,M5,2025-01-07T01:10:00Z,2635.50669,2635.67947,2635.22339,2635.40646,874.00,0.21000,true
XAUUSDm,M5,2025-01-07T01:15:00Z,2635.40646,2635.58438,2635.13457,2635.31314,911.00,0.18000,true
XAUUSDm,M5,2025-01-07T01:20:00Z,2635.31314,2635.49684,2635.05439,2635.22884,948.00,0.22000,true
XAUUSDm,M5,2025-01-07T01:25:00Z,2635.22884,2635.41887,2634.98445,2635.15522,985.00,0.19000,true
XAUUSDm,M5,2025-01-07T01:30:00Z,2635.15522,2635.35198,2634.92583,2635.09340,1022.00,0.23000,true
XAUUSDm,M5,2025-01-07T01:35:00Z,2635.09340,2635.29716,2634.87903,2635.04393,1059.00,0.20000,true
XAUUSDm,M5,2025-01-07T01:40:00Z,2635.04393,2635.25482,2634.84397,2635.00675,1096.00,0.17000,true
XAUUSDm,M5,2025-01-07T01:45:00Z,2635.00675,2635.22474,2634.81996,2634.98122,1133.00,0.21000,true
XAUUSDm,M5,2025-01-07T01:50:00Z,2634.98122,2635.20616,2634.80580,2634.96612,1170.00,0.18000,true
XAUUSDm,M5,2025-01-07T01:55:00Z,2634.96612,2635.19770,2634.79974,2634.95974,707.00,0.22000,true
XAUUSDm,M5,2025-01-07T02:00:00Z,2634.95974,2635.19769,2634.79944,2634.95991,744.00,0.19000,true
XAUUSDm,M5,2025-01-07T02:05:00Z,2634.95991,2635.20754,2634.79870,2634.96412,781.00,0.23000,true
XAUUSDm,M5,2025-01-07T02:10:00Z,2634.96412,2635.21798,2634.80140,2634.96961,818.00,0.20000,true
XAUUSDm,M5,2025-01-07T02:15:00Z,2634.96961,2635.22603,2634.80479,2634.97348,855.00,0.17000,true
XAUUSDm,M5,2025-01-07T02:20:00Z,2634.97348,2635.22934,2634.80536,2634.97283,892.00,0.21000,true
XAUUSDm,M5,2025-01-07T02:25:00Z,2634.97283,2635.23106,2634.79421,2634.96485,929.00,0.18000,true
XAUUSDm,M5,2025-01-07T02:30:00Z,2634.96485,2635.36846,2634.77265,2634.94696,966.00,0.22000,true
XAUUSDm,M5,2025-01-07T02:35:00Z,2634.94696,2635.20695,2634.73849,2634.91690,1003.00,0.19000,true
XAUUSDm,M5,2025-01-07T02:40:00Z,2634.91690,2635.17625,2634.68995,2634.87285,1040.00,0.23000,true
XAUUSDm,M5,2025-01-07T02:45:00Z,2634.87285,2635.13055,2634.62574,2634.81347,1077.00,0.20000,true
XAUUSDm,M5,2025-01-07T02:50:00Z,2634.81347,2635.06856,2634.54517,2634.73800,1114.00,0.17000,true
XAUUSDm,M5,2025-01-07T02:55:00Z,2634.73800,2634.98956,2634.44812,2634.64626,1151.00,0.21000,true
XAUUSDm,M5,2025-01-07T03:00:00Z,2634.64626,2634.89343,2634.33508,2634.53869,1188.00,0.18000,true
XAUUSDm,M5,2025-01-07T03:05:00Z,2634.53869,2634.78072,2634.20715,2634.41629,725.00,0.22000,true
XAUUSDm,M5,2025-01-07T03:10:00Z,2634.41629,2634.65253,2634.06599,2634.28067,762.00,0.19000,true
XAUUSDm,M5,2025-01-07T03:15:00Z,2634.28067,2634.51059,2633.91373,2634.13391,799.00,0.23000,true
XAUUSDm,M5,2025-01-07T03:20:00Z,2634.13391,2634.35709,2633.75297,2633.97851,836.00,0.20000,true
XAUUSDm,M5,2025-01-07T03:25:00Z,2633.97851,2634.19469,2633.29644,2633.81731,873.00,0.17000,true
XAUUSDm,M5,2025-01-07T03:30:00Z,2633.81731,2634.02637,2633.41774,2633.65338,910.00,0.21000,true
XAUUSDm,M5,2025-01-07T03:35:00Z,2633.65338,2633.85532,2633.24962,2633.48986,947.00,0.18000,true
XAUUSDm,M5,2025-01-07T03:40:00Z,2633.48986,2633.68486,2633.08544,2633.32991,984.00,0.22000,true
XAUUSDm,M5,2025-01-07T03:45:00Z,2633.32991,2633.51827,2632.92827,2633.17654,1021.00,0.19000,true
XAUUSDm,M5,2025-01-07T03:50:00Z,2633.17654,2633.35870,2632.78090,2633.03250,1058.00,0.23000,true
XAUUSDm,M5,2025-01-07T03:55:00Z,2633.03250,2633.20904,2632.64579,2632.90021,1095.00,0.20000,true
XAUUSDm,M5,2025-01-07T04:00:00Z,2632.90021,2633.07180,2632.52493,2632.78162,1132.00,0.17000,true
XAUUSDm,M5,2025-01-07T04:05:00Z,2632.78162,2632.94905,2632.41979,2632.67818,1169.00,0.21000,true
XAUUSDm,M5,2025-01-07T04:10:00Z,2632.67818,2632.84230,2632.33126,2632.59074,706.00,0.18000,true
XAUUSDm,M5,2025-01-07T04:15:00Z,2632.59074,2632.75250,2632.25961,2632.51959,743.00,0.22000,true
XAUUSDm,M5,2025-01-07T04:20:00Z,2632.51959,2632.67997,2632.20453,2632.46438,780.00,0.19000,true
XAUUSDm,M5,2025-01-07T04:25:00Z,2632.46438,2632.62439,2632.16509,2632.42419,817.00,0.23000,true
XAUUSDm,M5,2025-01-07T04:30:00Z,2632.42419,2632.58485,2632.13981,2632.39756,854.00,0.20000,true
XAUUSDm,M5,2025-01-07T04:35:00Z,2632.39756,2632.55988,2632.12672,2632.38254,891.00,0.17000,true
XAUUSDm,M5,2025-01-07T04:40:00Z,2632.38254,2632.54748,2632.12345,2632.37677,928.00,0.21000,true
XAUUSDm,M5,2025-01-07T04:45:00Z,2632.37677,2632.54608,2632.12649,2632.37760,965.00,0.18000,true
XAUUSDm,M5,2025-01-07T04:50:00Z,2632.37760,2632.55505,2632.13085,2632.38218,1002.00,0.22000,true
XAUUSDm,M5,2025-01-07T04:55:00Z,2632.38218,2632.56563,2632.13943,2632.38761,1039.00,0.19000,true
XAUUSDm,M5,2025-01-07T05:00:00Z,2632.38761,2632.57483,2632.14925,2632.39101,1076.00,0.23000,true
XAUUSDm,M5,2025-01-07T05:05:00Z,2632.39101,2632.58116,2632.15605,2632.38968,1113.00,0.20000,true
XAUUSDm,M5,2025-01-07T05:10:00Z,2632.38968,2632.58656,2632.15258,2632.38117,1150.00,0.17000,true
XAUUSDm,M5,2025-01-07T05:15:00Z,2632.38117,2632.58506,2632.14012,2632.36345,1187.00,0.21000,true
XAUUSDm,M5,2025-01-07T05:20:00Z,2632.36345,2632.57447,2632.11702,2632.33492,724.00,0.18000,true
XAUUSDm,M5,2025-01-07T05:25:00Z,2632.33492,2632.55304,2632.08213,2632.29452,761.00,0.22000,true
XAUUSDm,M5,2025-01-07T05:30:00Z,2632.29452,2632.51958,2632.03492,2632.24175,798.00,0.19000,true
XAUUSDm,M5,2025-01-07T05:35:00Z,2632.24175,2632.47344,2631.97540,2632.17672,835.00,0.23000,true
XAUUSDm,M5,2025-01-07T05:40:00Z,2632.17672,2632.41461,2631.90422,2632.10013,872.00,0.20000,true
XAUUSDm,M5,2025-01-07T05:45:00Z,2632.10013,2632.34365,2631.82258,2632.01326,909.00,0.17000,true
XAUUSDm,M5,2025-01-07T05:50:00Z,2632.01326,2632.26171,2631.73219,2631.91787,946.00,0.21000,true
XAUUSDm,M5,2025-01-07T05:55:00Z,2631.91787,2632.17049,2631.63523,2631.81622,983.00,0.18000,true
XAUUSDm,M5,2025-01-07T06:00:00Z,2631.81622,2632.07212,2631.53425,2631.71090,1020.00,0.22000,true
XAUUSDm,M5,2025-01-07T06:05:00Z,2631.71090,2631.96916,2631.43204,2631.60477,1057.00,0.19000,true
XAUUSDm,M5,2025-01-07T06:10:00Z,2631.60477,2631.86439,2631.33156,2631.50082,1094.00,0.23000,true
XAUUSDm,M5,2025-01-07T06:15:00Z,2631.50082,2631.76081,2631.23580,2631.40210,1131.00,0.20000,true
XAUUSDm,M5,2025-01-07T06:20:00Z,2631.40210,2631.66143,2631.14767,2631.31154,1168.00,0.17000,true
XAUUSDm,M5,2025-01-07T06:25:00Z,2631.31154,2631.56921,2631.06985,2631.23187,705.00,0.21000,true
XAUUSDm,M5,2025-01-07T06:30:00Z,2631.23187,2631.48690,2631.00474,2631.16550,742.00,0.18000,true
XAUUSDm,M5,2025-01-07T06:35:00Z,2631.16550,2631.41698,2630.95431,2631.11441,779.00,0.22000,true
XAUUSDm,M5,2025-01-07T06:40:00Z,2631.11441,2631.36150,2630.92006,2631.08012,816.00,0.19000,true
XAUUSDm,M5,2025-01-07T06:45:00Z,2631.08012,2631.32205,2630.90292,2631.06355,853.00,0.23000,true
XAUUSDm,M5,2025-01-07T06:50:00Z,2631.06355,2631.30119,2630.90173,2631.06506,890.00,0.20000,true
XAUUSDm,M5,2025-01-07T06:55:00Z,2631.06506,2631.45817,2630.90146,2631.08437,927.00,0.17000,true
XAUUSDm,M5,2025-01-07T07:00:00Z,2631.08437,2631.34369,2630.91843,2631.12063,964.00,0.21000,true
XAUUSDm,M5,2025-01-07T07:05:00Z,2631.12063,2631.38845,2630.95179,2631.17240,1001.00,0.18000,true
XAUUSDm,M5,2025-01-07T07:10:00Z,2631.17240,2631.44665,2631.00016,2631.23773,1038.00,0.22000,true
XAUUSDm,M5,2025-01-07T07:15:00Z,2631.23773,2631.51604,2631.06162,2631.31422,1075.00,0.19000,true
XAUUSDm,M5,2025-01-07T07:20:00Z,2631.31422,2631.59404,2630.98095,2631.39916,1112.00,0.23000,true
XAUUSDm,M5,2025-01-07T07:25:00Z,2631.39916,2631.67781,2631.21412,2631.48956,1149.00,0.20000,true
XAUUSDm,M5,2025-01-07T07:30:00Z,2631.48956,2631.76438,2631.29956,2631.58232,1186.00,0.17000,true
XAUUSDm,M5,2025-01-07T07:35:00Z,2631.58232,2631.85079,2631.38712,2631.67435,723.00,0.21000,true
XAUUSDm,M5,2025-01-07T07:40:00Z,2631.67435,2631.93416,2631.47376,2631.76265,760.00,0.18000,true
XAUUSDm,M5,2025-01-07T07:45:00Z,2631.76265,2632.01183,2631.55656,2631.84447,797.00,0.22000,true
XAUUSDm,M5,2025-01-07T07:50:00Z,2631.84447,2632.08147,2631.63283,2631.91740,834.00,0.19000,true
XAUUSDm,M5,2025-01-07T07:55:00Z,2631.91740,2632.14116,2631.70022,2631.97943,871.00,0.23000,true
XAUUSDm,M5,2025-01-07T08:00:00Z,2631.97943,2632.18946,2631.75681,2632.02909,908.00,0.20000,true
XAUUSDm,M5,2025-01-07T08:05:00Z,2632.02909,2632.22547,2631.80119,2632.06546,945.00,0.17000,true
XAUUSDm,M5,2025-01-07T08:10:00Z,2632.06546,2632.24887,2631.83249,2632.08819,982.00,0.21000,true
XAUUSDm,M5,2025-01-07T08:15:00Z,2632.08819,2632.25991,2631.85044,2632.09756,1019.00,0.18000,true
XAUUSDm,M5,2025-01-07T08:20:00Z,2632.09756,2632.26255,2631.85222,2632.09442,1056.00,0.22000,true
XAUUSDm,M5,2025-01-07T08:25:00Z,2632.09442,2632.26297,2631.83392,2632.08016,1093.00,0.19000,true
XAUUSDm,M5,2025-01-07T08:30:00Z,2632.08016,2632.25311,2631.80683,2632.05666,1130.00,0.23000,true
XAUUSDm,M5,2025-01-07T08:35:00Z,2632.05666,2632.23478,2631.77328,2632.02622,1167.00,0.20000,true
XAUUSDm,M5,2025-01-07T08:40:00Z,2632.02622,2632.21014,2631.73591,2631.99143,704.00,0.17000,true
XAUUSDm,M5,2025-01-07T08:45:00Z,2631.99143,2632.18169,2631.69756,2631.95509,741.00,0.21000,true
XAUUSDm,M5,2025-01-07T08:50:00Z,2631.95509,2632.15209,2631.66111,2631.92006,778.00,0.18000,true
XAUUSDm,M5,2025-01-07T08:55:00Z,2631.92006,2632.12407,2631.62943,2631.88921,815.00,0.22000,true
XAUUSDm,M5,2025-01-07T09:00:00Z,2631.88921,2632.10035,2631.60521,2631.86520,852.00,0.19000,true
XAUUSDm,M5,2025-01-07T09:05:00Z,2631.86520,2632.08345,2631.59088,2631.85046,889.00,0.23000,true
XAUUSDm,M5,2025-01-07T09:10:00Z,2631.85046,2632.07564,2631.58847,2631.84704,926.00,0.20000,true
XAUUSDm,M5,2025-01-07T09:15:00Z,2631.84704,2632.08833,2631.59009,2631.85652,963.00,0.17000,true
XAUUSDm,M5,2025-01-07T09:20:00Z,2631.85652,2632.11795,2631.60176,2631.87996,1000.00,0.21000,true
XAUUSDm,M5,2025-01-07T09:25:00Z,2631.87996,2632.16147,2631.62796,2631.91786,1037.00,0.18000,true
XAUUSDm,M5,2025-01-07T09:30:00Z,2631.91786,2632.21864,2631.66912,2631.97010,1074.00,0.22000,true
XAUUSDm,M5,2025-01-07T09:35:00Z,2631.97010,2632.28866,2631.72511,2632.03598,1111.00,0.19000,true
XAUUSDm,M5,2025-01-07T09:40:00Z,2632.03598,2632.37016,2631.79516,2632.11421,1148.00,0.23000,true
XAUUSDm,M5,2025-01-07T09:45:00Z,2632.11421,2632.46125,2631.87794,2632.20296,1185.00,0.20000,true
XAUUSDm,M5,2025-01-07T09:50:00Z,2632.20296,2632.55961,2631.97158,2632.29997,722.00,0.17000,true
XAUUSDm,M5,2025-01-07T09:55:00Z,2632.29997,2632.66255,2632.07373,2632.40257,759.00,0.21000,true
XAUUSDm,M5,2025-01-07T10:00:00Z,2632.40257,2632.76713,2632.18167,2632.50782,796.00,0.18000,true
XAUUSDm,M5,2025-01-07T10:05:00Z,2632.50782,2632.87026,2632.29240,2632.61263,833.00,0.22000,true
XAUUSDm,M5,2025-01-07T10:10:00Z,2632.61263,2632.96883,2632.40275,2632.71385,870.00,0.19000,true
XAUUSDm,M5,2025-01-07T10:15:00Z,2632.71385,2633.05983,2632.50952,2632.80842,907.00,0.23000,true
XAUUSDm,M5,2025-01-07T10:20:00Z,2632.80842,2633.14045,2632.60956,2632.89345,944.00,0.20000,true
XAUUSDm,M5,2025-01-07T10:25:00Z,2632.89345,2633.20822,2632.69993,2632.96639,981.00,0.17000,true
XAUUSDm,M5,2025-01-07T10:30:00Z,2632.96639,2633.26107,2632.77799,2633.02505,1018.00,0.21000,true
XAUUSDm,M5,2025-01-07T10:35:00Z,2633.02505,2633.29743,2632.84152,2633.06775,1055.00,0.18000,true
XAUUSDm,M5,2025-01-07T10:40:00Z,2633.06775,2633.31630,2632.88877,2633.09337,1092.00,0.22000,true
XAUUSDm,M5,2025-01-07T10:45:00Z,2633.09337,2633.31727,2632.91854,2633.10134,1129.00,0.19000,true
XAUUSDm,M5,2025-01-07T10:50:00Z,2633.10134,2633.31014,2632.92065,2633.09175,1166.00,0.23000,true
XAUUSDm,M5,2025-01-07T10:55:00Z,2633.09175,2633.29345,2632.89739,2633.06525,703.00,0.20000,true
XAUUSDm,M5,2025-01-07T11:00:00Z,2633.06525,2633.26001,2632.85795,2633.02309,740.00,0.17000,true
XAUUSDm,M5,2025-01-07T11:05:00Z,2633.02309,2633.21122,2632.80406,2632.96702,777.00,0.21000,true
XAUUSDm,M5,2025-01-07T11:10:00Z,2632.96702,2633.14898,2632.73789,2632.89927,814.00,0.18000,true
XAUUSDm,M5,2025-01-07T11:15:00Z,2632.89927,2633.07562,2632.51801,2632.82240,851.00,0.22000,true
XAUUSDm,M5,2025-01-07T11:20:00Z,2632.82240,2633.14352,2632.57922,2632.73923,888.00,0.19000,true
XAUUSDm,M5,2025-01-07T11:25:00Z,2632.73923,2632.90652,2632.49249,2632.65273,925.00,0.23000,true
XAUUSDm,M5,2025-01-07T11:30:00Z,2632.65273,2632.81675,2632.40480,2632.56589,962.00,0.20000,true
XAUUSDm,M5,2025-01-07T11:35:00Z,2632.56589,2632.72759,2632.31905,2632.48160,999.00,0.17000,true
XAUUSDm,M5,2025-01-07T11:40:00Z,2632.48160,2632.64195,2632.23793,2632.40252,1036.00,0.21000,true
XAUUSDm,M5,2025-01-07T11:45:00Z,2632.40252,2632.56253,2632.16382,2632.33100,1073.00,0.18000,true
XAUUSDm,M5,2025-01-07T11:50:00Z,2632.33100,2632.49170,2632.09867,2632.26898,1110.00,0.22000,true
XAUUSDm,M5,2025-01-07T11:55:00Z,2632.26898,2632.43137,2632.04396,2632.21790,1147.00,0.19000,true
XAUUSDm,M5,2025-01-07T12:00:00Z,2632.21790,2632.38294,2632.00064,2632.17863,1184.00,0.23000,true
XAUUSDm,M5,2025-01-07T12:05:00Z,2632.17863,2632.34725,2631.96904,2632.15149,721.00,0.20000,true
XAUUSDm,M5,2025-01-07T12:10:00Z,2632.15149,2632.32453,2631.94893,2632.13618,758.00,0.17000,true
XAUUSDm,M5,2025-01-07T12:15:00Z,2632.13618,2632.31439,2631.93949,2632.13181,795.00,0.21000,true
XAUUSDm,M5,2025-01-07T12:20:00Z,2632.13181,2632.32100,2631.93419,2632.13697,832.00,0.18000,true
XAUUSDm,M5,2025-01-07T12:25:00Z,2632.13697,2632.34010,2631.93390,2632.14972,869.00,0.22000,true
XAUUSDm,M5,2025-01-07T12:30:00Z,2632.14972,2632.36488,2631.94113,2632.16776,906.00,0.19000,true
XAUUSDm,M5,2025-01-07T12:35:00Z,2632.16776,2632.39255,2631.95361,2632.18842,943.00,0.23000,true
XAUUSDm,M5,2025-01-07T12:40:00Z,2632.18842,2632.42012,2631.96877,2632.20885,980.00,0.20000,true
XAUUSDm,M5,2025-01-07T12:45:00Z,2632.20885,2632.44448,2631.98382,2632.22612,1017.00,0.17000,true
XAUUSDm,M5,2025-01-07T12:50:00Z,2632.22612,2632.46258,2631.99589,2632.23728,1054.00,0.21000,true
XAUUSDm,M5,2025-01-07T12:55:00Z,2632.23728,2632.47150,2632.00211,2632.23958,1091.00,0.18000,true
XAUUSDm,M5,2025-01-07T13:00:00Z,2632.23958,2632.47768,2631.99070,2632.23050,1128.00,0.22000,true
XAUUSDm,M5,2025-01-07T13:05:00Z,2632.23050,2632.47420,2631.96382,2632.20789,1165.00,0.19000,true
XAUUSDm,M5,2025-01-07T13:10:00Z,2632.20789,2632.45650,2631.92213,2632.17005,702.00,0.23000,true
XAUUSDm,M5,2025-01-07T13:15:00Z,2632.17005,2632.42279,2631.86451,2632.11581,739.00,0.20000,true
XAUUSDm,M5,2025-01-07T13:20:00Z,2632.11581,2632.37182,2631.79041,2632.04458,776.00,0.17000,true
XAUUSDm,M5,2025-01-07T13:25:00Z,2632.04458,2632.30291,2631.69987,2631.95636,813.00,0.21000,true
XAUUSDm,M5,2025-01-07T13:30:00Z,2631.95636,2632.21602,2631.59352,2631.85177,850.00,0.18000,true
XAUUSDm,M5,2025-01-07T13:35:00Z,2631.85177,2632.11175,2631.47259,2631.73199,887.00,0.22000,true
XAUUSDm,M5,2025-01-07T13:40:00Z,2631.73199,2631.99128,2631.33883,2631.59879,924.00,0.19000,true
XAUUSDm,M5,2025-01-07T13:45:00Z,2631.59879,2631.85638,2631.19449,2631.45437,961.00,0.23000,true
XAUUSDm,M5,2025-01-07T13:50:00Z,2631.45437,2631.70930,2631.04216,2631.30137,998.00,0.20000,true
XAUUSDm,M5,2025-01-07T13:55:00Z,2631.30137,2631.55271,2630.88477,2631.14268,1035.00,0.17000,true
XAUUSDm,M5,2025-01-07T14:00:00Z,2631.14268,2631.38960,2630.72538,2630.98141,1072.00,0.21000,true
XAUUSDm,M5,2025-01-07T14:05:00Z,2630.98141,2631.22315,2630.56715,2630.82073,1109.00,0.18000,true
XAUUSDm,M5,2025-01-07T14:10:00Z,2630.82073,2631.05664,2630.41314,2630.66373,1146.00,0.22000,true
XAUUSDm,M5,2025-01-07T14:15:00Z,2630.66373,2630.89330,2630.26626,2630.51337,1183.00,0.19000,true
XAUUSDm,M5,2025-01-07T14:20:00Z,2630.51337,2630.73618,2630.12912,2630.37228,720.00,0.23000,true
XAUUSDm,M5,2025-01-07T14:25:00Z,2630.37228,2630.58808,2630.00393,2630.24274,757.00,0.20000,true
XAUUSDm,M5,2025-01-07T14:30:00Z,2630.24274,2630.45141,2629.89243,2630.12653,794.00,0.17000,true
XAUUSDm,M5,2025-01-07T14:35:00Z,2630.12653,2630.32810,2629.79584,2630.02493,831.00,0.21000,true
XAUUSDm,M5,2025-01-07T14:40:00Z,2630.02493,2630.21957,2629.71475,2629.93860,868.00,0.18000,true
XAUUSDm,M5,2025-01-07T14:45:00Z,2629.93860,2630.12663,2629.64919,2629.86763,905.00,0.22000,true
XAUUSDm,M5,2025-01-07T14:50:00Z,2629.86763,2630.04948,2629.59856,2629.81149,942.00,0.19000,true
XAUUSDm,M5,2025-01-07T14:55:00Z,2629.81149,2629.98774,2629.56170,2629.76907,979.00,0.23000,true
XAUUSDm,M5,2025-01-07T15:00:00Z,2629.76907,2629.94042,2629.53691,2629.73876,1016.00,0.20000,true
XAUUSDm,M5,2025-01-07T15:05:00Z,2629.73876,2629.90599,2629.52206,2629.71849,1053.00,0.17000,true
XAUUSDm,M5,2025-01-07T15:10:00Z,2629.71849,2629.88246,2629.37062,2629.70579,1090.00,0.21000,true
XAUUSDm,M5,2025-01-07T15:15:00Z,2629.70579,2629.86746,2629.51182,2629.69798,1127.00,0.18000,true
XAUUSDm,M5,2025-01-07T15:20:00Z,2629.69798,2629.85832,2629.51076,2629.69219,1164.00,0.22000,true
XAUUSDm,M5,2025-01-07T15:25:00Z,2629.69219,2629.85221,2629.50847,2629.68553,701.00,0.19000,true
XAUUSDm,M5,2025-01-07T15:30:00Z,2629.68553,2629.84625,2629.50210,2629.67519,738.00,0.23000,true
XAUUSDm,M5,2025-01-07T15:35:00Z,2629.67519,2629.83762,2629.48901,2629.65859,775.00,0.20000,true
XAUUSDm,M5,2025-01-07T15:40:00Z,2629.65859,2629.82369,2629.46687,2629.63343,812.00,0.17000,true
XAUUSDm,M5,2025-01-07T15:45:00Z,2629.63343,2629.94612,2629.43376,2629.59785,849.00,0.21000,true
XAUUSDm,M5,2025-01-07T15:50:00Z,2629.59785,2629.77097,2629.38827,2629.55044,886.00,0.18000,true
XAUUSDm,M5,2025-01-07T15:55:00Z,2629.55044,2629.72875,2629.32953,2629.49039,923.00,0.22000,true
XAUUSDm,M5,2025-01-07T16:00:00Z,2629.49039,2629.67452,2629.25728,2629.41741,960.00,0.19000,true
XAUUSDm,M5,2025-01-07T16:05:00Z,2629.41741,2629.60791,2629.17184,2629.33187,997.00,0.23000,true
XAUUSDm,M5,2025-01-07T16:10:00Z,2629.33187,2629.52912,2629.07415,2629.23470,1034.00,0.20000,true
XAUUSDm,M5,2025-01-07T16:15:00Z,2629.23470,2629.43896,2628.96569,2629.12737,1071.00,0.17000,true
XAUUSDm,M5,2025-01-07T16:20:00Z,2629.12737,2629.33876,2628.84848,2629.01188,1108.00,0.21000,true
XAUUSDm,M5,2025-01-07T16:25:00Z,2629.01188,2629.23037,2628.72493,2628.89063,1145.00,0.18000,true
XAUUSDm,M5,2025-01-07T16:30:00Z,2628.89063,2629.11605,2628.59783,2628.76636,1182.00,0.22000,true
XAUUSDm,M5,2025-01-07T16:35:00Z,2628.76636,2628.99840,2628.47015,2628.64204,719.00,0.19000,true
XAUUSDm,M5,2025-01-07T16:40:00Z,2628.64204,2628.88024,2628.34502,2628.52073,756.00,0.23000,true
XAUUSDm,M5,2025-01-07T16:45:00Z,2628.52073,2628.76452,2628.22553,2628.40549,793.00,0.20000,true
XAUUSDm,M5,2025-01-07T16:50:00Z,2628.40549,2628.65418,2628.11466,2628.29924,830.00,0.17000,true
XAUUSDm,M5,2025-01-07T16:55:00Z,2628.29924,2628.55205,2628.01515,2628.20466,867.00,0.21000,true
XAUUSDm,M5,2025-01-07T17:00:00Z,2628.20466,2628.46071,2627.92938,2628.12407,904.00,0.18000,true
XAUUSDm,M5,2025-01-07T17:05:00Z,2628.12407,2628.38242,2627.85928,2628.05934,941.00,0.22000,true
XAUUSDm,M5,2025-01-07T17:10:00Z,2628.05934,2628.31902,2627.80629,2628.01185,978.00,0.19000,true
XAUUSDm,M5,2025-01-07T17:15:00Z,2628.01185,2628.27183,2627.77126,2627.98236,1015.00,0.23000,true
XAUUSDm,M5,2025-01-07T17:20:00Z,2627.98236,2628.24163,2627.75443,2627.97108,1052.00,0.20000,true
XAUUSDm,M5,2025-01-07T17:25:00Z,2627.97108,2628.23512,2627.74898,2627.97756,1089.00,0.17000,true
XAUUSDm,M5,2025-01-07T17:30:00Z,2627.97756,2628.25567,2627.75016,2628.00080,1126.00,0.21000,true
XAUUSDm,M5,2025-01-07T17:35:00Z,2628.00080,2628.29049,2627.76831,2628.03922,1163.00,0.18000,true
XAUUSDm,M5,2025-01-07T17:40:00Z,2628.03922,2628.33758,2627.80191,2628.09074,700.00,0.22000,true
XAUUSDm,M5,2025-01-07T17:45:00Z,2628.09074,2628.39455,2627.84896,2628.15291,737.00,0.19000,true
XAUUSDm,M5,2025-01-07T17:50:00Z,2628.15291,2628.45874,2627.90705,2628.22293,774.00,0.23000,true
XAUUSDm,M5,2025-01-07T17:55:00Z,2628.22293,2628.52726,2627.97342,2628.29781,811.00,0.20000,true
XAUUSDm,M5,2025-01-07T18:00:00Z,2628.29781,2628.59716,2628.04515,2628.37447,848.00,0.17000,true
XAUUSDm,M5,2025-01-07T18:05:00Z,2628.37447,2628.66556,2628.11918,2628.44988,885.00,0.21000,true
XAUUSDm,M5,2025-01-07T18:10:00Z,2628.44988,2628.72970,2628.19252,2628.52115,922.00,0.18000,true
XAUUSDm,M5,2025-01-07T18:15:00Z,2628.52115,2628.78710,2628.26231,2628.58566,959.00,0.22000,true
XAUUSDm,M5,2025-01-07T18:20:00Z,2628.58566,2628.83567,2628.32593,2628.64116,996.00,0.19000,true
XAUUSDm,M5,2025-01-07T18:25:00Z,2628.64116,2628.87375,2628.38116,2628.68585,1033.00,0.23000,true
XAUUSDm,M5,2025-01-07T18:30:00Z,2628.68585,2628.90021,2628.42619,2628.71846,1070.00,0.20000,true
XAUUSDm,M5,2025-01-07T18:35:00Z,2628.71846,2628.91446,2628.45977,2628.73829,1107.00,0.17000,true
XAUUSDm,M5,2025-01-07T18:40:00Z,2628.73829,2628.91651,2628.48116,2628.74525,1144.00,0.21000,true
XAUUSDm,M5,2025-01-07T18:45:00Z,2628.74525,2628.91241,2628.48482,2628.73981,1181.00,0.18000,true
XAUUSDm,M5,2025-01-07T18:50:00Z,2628.73981,2628.90373,2628.47075,2628.72305,718.00,0.22000,true
XAUUSDm,M5,2025-01-07T18:55:00Z,2628.72305,2628.88468,2628.44747,2628.69655,755.00,0.19000,true
XAUUSDm,M5,2025-01-07T19:00:00Z,2628.69655,2628.85687,2628.41698,2628.66236,792.00,0.23000,true
XAUUSDm,M5,2025-01-07T19:05:00Z,2628.66236,2628.82238,2628.23766,2628.62291,829.00,0.20000,true
XAUUSDm,M5,2025-01-07T19:10:00Z,2628.62291,2628.78365,2628.34416,2628.58088,866.00,0.17000,true
XAUUSDm,M5,2025-01-07T19:15:00Z,2628.58088,2628.74335,2628.30726,2628.53913,903.00,0.21000,true
XAUUSDm,M5,2025-01-07T19:20:00Z,2628.53913,2628.70429,2628.27380,2628.50055,940.00,0.18000,true
XAUUSDm,M5,2025-01-07T19:25:00Z,2628.50055,2628.66932,2628.24652,2628.46795,977.00,0.22000,true
XAUUSDm,M5,2025-01-07T19:30:00Z,2628.46795,2628.64116,2628.22799,2628.44395,1014.00,0.19000,true
XAUUSDm,M5,2025-01-07T19:35:00Z,2628.44395,2628.62236,2628.22044,2628.43085,1051.00,0.23000,true
XAUUSDm,M5,2025-01-07T19:40:00Z,2628.43085,2628.61510,2628.22570,2628.43057,1088.00,0.20000,true
XAUUSDm,M5,2025-01-07T19:45:00Z,2628.43057,2628.63513,2628.23118,2628.44452,1125.00,0.17000,true
XAUUSDm,M5,2025-01-07T19:50:00Z,2628.44452,2628.67095,2628.25049,2628.47358,1162.00,0.21000,true
XAUUSDm,M5,2025-01-07T19:55:00Z,2628.47358,2628.72242,2628.28470,2628.51804,1199.00,0.18000,true
XAUUSDm,M5,2025-01-07T20:00:00Z,2628.51804,2628.83509,2628.33405,2628.62357,736.00,0.22000,true
XAUUSDm,M5,2025-01-07T20:05:00Z,2628.62357,2628.96188,2628.44416,2628.74327,773.00,0.19000,true
XAUUSDm,M5,2025-01-07T20:10:00Z,2628.74327,2629.33948,2628.56805,2628.87565,810.00,0.23000,true
XAUUSDm,M5,2025-01-07T20:15:00Z,2628.87565,2629.25088,2628.70420,2629.01873,847.00,0.20000,true
XAUUSDm,M5,2025-01-07T20:20:00Z,2629.01873,2629.40838,2628.85058,2629.17007,884.00,0.17000,true
XAUUSDm,M5,2025-01-07T20:25:00Z,2629.17007,2629.57078,2629.00469,2629.32690,921.00,0.21000,true
XAUUSDm,M5,2025-01-07T20:30:00Z,2629.32690,2629.73497,2629.16375,2629.48619,958.00,0.18000,true
XAUUSDm,M5,2025-01-07T20:35:00Z,2629.48619,2629.89769,2629.32469,2629.64481,995.00,0.22000,true
XAUUSDm,M5,2025-01-07T20:40:00Z,2629.64481,2630.05570,2629.48436,2629.79960,1032.00,0.19000,true
XAUUSDm,M5,2025-01-07T20:45:00Z,2629.79960,2630.20591,2629.63959,2629.94752,1069.00,0.23000,true
XAUUSDm,M5,2025-01-07T20:50:00Z,2629.94752,2630.34545,2629.78733,2630.08576,1106.00,0.20000,true
XAUUSDm,M5,2025-01-07T20:55:00Z,2630.08576,2630.47183,2629.92478,2630.21186,1143.00,0.17000,true
XAUUSDm,M5,2025-01-07T21:00:00Z,2630.21186,2630.58301,2630.04948,2630.32377,1180.00,0.21000,true
XAUUSDm,M5,2025-01-07T21:05:00Z,2630.32377,2630.67747,2630.15940,2630.41995,717.00,0.18000,true
XAUUSDm,M5,2025-01-07T21:10:00Z,2630.41995,2630.75426,2630.25304,2630.49945,754.00,0.22000,true
XAUUSDm,M5,2025-01-07T21:15:00Z,2630.49945,2630.81307,2630.32946,2630.56187,791.00,0.19000,true
XAUUSDm,M5,2025-01-07T21:20:00Z,2630.56187,2630.85422,2630.38832,2630.60748,828.00,0.23000,true
XAUUSDm,M5,2025-01-07T21:25:00Z,2630.60748,2630.87862,2630.42990,2630.63708,865.00,0.20000,true
XAUUSDm,M5,2025-01-07T21:30:00Z,2630.63708,2630.88777,2630.45508,2630.65207,902.00,0.17000,true
XAUUSDm,M5,2025-01-07T21:35:00Z,2630.65207,2630.88367,2630.46530,2630.65434,939.00,0.21000,true
XAUUSDm,M5,2025-01-07T21:40:00Z,2630.65434,2630.87691,2630.45437,2630.64619,976.00,0.18000,true
XAUUSDm,M5,2025-01-07T21:45:00Z,2630.64619,2630.86174,2630.43315,2630.63025,1013.00,0.22000,true
XAUUSDm,M5,2025-01-07T21:50:00Z,2630.63025,2630.83867,2630.40684,2630.60937,1050.00,0.19000,true
XAUUSDm,M5,2025-01-07T21:55:00Z,2630.60937,2630.81069,2630.37843,2630.58649,1087.00,0.23000,true
XAUUSDm,M5,2025-01-07T22:00:00Z,2630.58649,2630.78089,2630.35094,2630.56455,1124.00,0.20000,true
XAUUSDm,M5,2025-01-07T22:05:00Z,2630.56455,2630.75234,2630.32719,2630.54631,1161.00,0.17000,true
XAUUSDm,M5,2025-01-07T22:10:00Z,2630.54631,2630.72795,2630.30981,2630.53432,1198.00,0.21000,true
XAUUSDm,M5,2025-01-07T22:15:00Z,2630.53432,2630.71039,2630.30103,2630.53076,735.00,0.18000,true
XAUUSDm,M5,2025-01-07T22:20:00Z,2630.53076,2630.70853,2630.29606,2630.53734,772.00,0.22000,true
XAUUSDm,M5,2025-01-07T22:25:00Z,2630.53734,2630.72239,2630.29797,2630.55529,809.00,0.19000,true
XAUUSDm,M5,2025-01-07T22:30:00Z,2630.55529,2630.74914,2630.31162,2630.58526,846.00,0.23000,true
XAUUSDm,M5,2025-01-07T22:35:00Z,2630.58526,2630.78890,2630.33770,2630.62730,883.00,0.20000,true
XAUUSDm,M5,2025-01-07T22:40:00Z,2630.62730,2630.84119,2630.37631,2630.68088,920.00,0.17000,true
XAUUSDm,M5,2025-01-07T22:45:00Z,2630.68088,2630.90491,2630.42697,2630.74489,957.00,0.21000,true
XAUUSDm,M5,2025-01-07T22:50:00Z,2630.74489,2630.97844,2630.48859,2630.81767,994.00,0.18000,true
XAUUSDm,M5,2025-01-07T22:55:00Z,2630.81767,2631.05964,2630.55957,2630.89713,1031.00,0.22000,true
XAUUSDm,M5,2025-01-07T23:00:00Z,2630.89713,2631.14599,2630.48726,2630.98077,1068.00,0.19000,true
XAUUSDm,M5,2025-01-07T23:05:00Z,2630.98077,2631.23467,2630.72085,2631.06583,1105.00,0.23000,true
XAUUSDm,M5,2025-01-07T23:10:00Z,2631.06583,2631.32266,2630.80591,2631.14936,1142.00,0.20000,true
XAUUSDm,M5,2025-01-07T23:15:00Z,2631.14936,2631.40688,2630.89007,2631.22837,1179.00,0.17000,true
XAUUSDm,M5,2025-01-07T23:20:00Z,2631.22837,2631.48430,2630.97031,2631.29994,716.00,0.21000,true
XAUUSDm,M5,2025-01-07T23:25:00Z,2631.29994,2631.55206,2631.04370,2631.36133,753.00,0.18000,true
XAUUSDm,M5,2025-01-07T23:30:00Z,2631.36133,2631.60759,2631.10749,2631.41010,790.00,0.22000,true
XAUUSDm,M5,2025-01-07T23:35:00Z,2631.41010,2631.64872,2631.15919,2631.44421,827.00,0.19000,true
XAUUSDm,M5,2025-01-07T23:40:00Z,2631.44421,2631.67373,2631.19674,2631.46209,864.00,0.23000,true
XAUUSDm,M5,2025-01-07T23:45:00Z,2631.46209,2631.68147,2631.21852,2631.46273,901.00,0.20000,true
XAUUSDm,M5,2025-01-07T23:50:00Z,2631.46273,2631.68839,2631.20645,2631.44570,938.00,0.17000,true
XAUUSDm,M5,2025-01-07T23:55:00Z,2631.44570,2631.67796,2631.17661,2631.41118,975.00,0.21000,true
XAUUSDm,M5,2025-01-08T00:00:00Z,2631.41118,2631.64959,2631.13036,2631.35995,1012.00,0.18000,true
XAUUSDm,M5,2025-01-08T00:05:00Z,2631.35995,2631.60393,2631.06900,2631.29338,1049.00,0.22000,true
XAUUSDm,M5,2025-01-08T00:10:00Z,2631.29338,2631.54223,2630.99437,2631.21334,1086.00,0.19000,true
XAUUSDm,M5,2025-01-08T00:15:00Z,2631.21334,2631.46628,2630.90872,2631.12218,1123.00,0.23000,true
XAUUSDm,M5,2025-01-08T00:20:00Z,2631.12218,2631.37833,2630.81469,2631.02260,1160.00,0.20000,true
XAUUSDm,M5,2025-01-08T00:25:00Z,2631.02260,2631.28102,2630.71519,2630.91758,1197.00,0.17000,true
XAUUSDm,M5,2025-01-08T00:30:00Z,2630.91758,2631.17728,2630.61326,2630.81021,734.00,0.21000,true
XAUUSDm,M5,2025-01-08T00:35:00Z,2630.81021,2631.26199,2630.51197,2630.70365,771.00,0.18000,true
XAUUSDm,M5,2025-01-08T00:40:00Z,2630.70365,2630.96288,2630.41431,2630.60095,808.00,0.22000,true
XAUUSDm,M5,2025-01-08T00:45:00Z,2630.60095,2630.85842,2630.32305,2630.50493,845.00,0.19000,true
XAUUSDm,M5,2025-01-08T00:50:00Z,2630.50493,2630.75968,2630.24065,2630.41812,882.00,0.23000,true
XAUUSDm,M5,2025-01-08T00:55:00Z,2630.41812,2630.66924,2630.16916,2630.34262,919.00,0.20000,true
XAUUSDm,M5,2025-01-08T01:00:00Z,2630.34262,2630.58928,2630.11015,2630.28005,956.00,0.17000,true
XAUUSDm,M5,2025-01-08T01:05:00Z,2630.28005,2630.52149,2630.06463,2630.23147,993.00,0.21000,true
XAUUSDm,M5,2025-01-08T01:10:00Z,2630.23147,2630.46706,2630.03304,2630.19735,1030.00,0.18000,true
XAUUSDm,M5,2025-01-08T01:15:00Z,2630.19735,2630.42656,2630.01522,2630.17756,1067.00,0.22000,true
XAUUSDm,M5,2025-01-08T01:20:00Z,2630.17756,2630.40000,2630.01042,2630.17138,1104.00,0.19000,true
XAUUSDm,M5,2025-01-08T01:25:00Z,2630.17138,2630.39295,2630.01120,2630.17752,1141.00,0.23000,true
XAUUSDm,M5,2025-01-08T01:30:00Z,2630.17752,2630.40252,2630.01751,2630.19422,1178.00,0.20000,true
XAUUSDm,M5,2025-01-08T01:35:00Z,2630.19422,2630.42046,2630.03375,2630.21926,715.00,0.17000,true
XAUUSDm,M5,2025-01-08T01:40:00Z,2630.21926,2630.44439,2630.05772,2630.25011,752.00,0.21000,true
XAUUSDm,M5,2025-01-08T01:45:00Z,2630.25011,2630.47169,2630.08691,2630.28401,789.00,0.18000,true
XAUUSDm,M5,2025-01-08T01:50:00Z,2630.28401,2630.49961,2630.11856,2630.31807,826.00,0.22000,true
XAUUSDm,M5,2025-01-08T01:55:00Z,2630.31807,2630.52543,2630.14984,2630.34946,863.00,0.19000,true
XAUUSDm,M5,2025-01-08T02:00:00Z,2630.34946,2630.54653,2630.17792,2630.37543,900.00,0.23000,true
XAUUSDm,M5,2025-01-08T02:05:00Z,2630.37543,2630.56053,2630.20011,2630.39350,937.00,0.20000,true
XAUUSDm,M5,2025-01-08T02:10:00Z,2630.39350,2630.56536,2630.21397,2630.40153,974.00,0.17000,true
XAUUSDm,M5,2025-01-08T02:15:00Z,2630.40153,2630.56310,2630.21372,2630.39783,1011.00,0.21000,true
XAUUSDm,M5,2025-01-08T02:20:00Z,2630.39783,2630.55812,2630.19219,2630.38121,1048.00,0.18000,true
XAUUSDm,M5,2025-01-08T02:25:00Z,2630.38121,2630.54124,2630.15687,2630.35104,1085.00,0.22000,true
XAUUSDm,M5,2025-01-08T02:30:00Z,2630.35104,2630.51183,2630.10778,2630.30731,1122.00,0.19000,true
XAUUSDm,M5,2025-01-08T02:35:00Z,2630.30731,2630.46985,2630.04556,2630.25058,1159.00,0.23000,true
XAUUSDm,M5,2025-01-08T02:40:00Z,2630.25058,2630.41585,2629.97143,2630.18200,1196.00,0.20000,true
XAUUSDm,M5,2025-01-08T02:45:00Z,2630.18200,2630.35090,2629.88716,2630.10326,733.00,0.17000,true
XAUUSDm,M5,2025-01-08T02:50:00Z,2630.10326,2630.27665,2629.79498,2630.01655,770.00,0.21000,true
XAUUSDm,M5,2025-01-08T02:55:00Z,2630.01655,2630.19515,2629.53169,2629.92442,807.00,0.18000,true
XAUUSDm,M5,2025-01-08T03:00:00Z,2629.92442,2630.10888,2629.59772,2629.82973,844.00,0.22000,true
XAUUSDm,M5,2025-01-08T03:05:00Z,2629.82973,2630.02057,2629.49868,2629.73553,881.00,0.19000,true
XAUUSDm,M5,2025-01-08T03:10:00Z,2629.73553,2629.93315,2629.40358,2629.64494,918.00,0.23000,true
XAUUSDm,M5,2025-01-08T03:15:00Z,2629.64494,2629.84958,2629.31554,2629.56102,955.00,0.20000,true
XAUUSDm,M5,2025-01-08T03:20:00Z,2629.56102,2629.77279,2629.23749,2629.48666,992.00,0.17000,true
XAUUSDm,M5,2025-01-08T03:25:00Z,2629.48666,2629.70553,2629.17210,2629.42448,1029.00,0.21000,true
XAUUSDm,M5,2025-01-08T03:30:00Z,2629.42448,2629.65026,2629.12162,2629.37668,1066.00,0.18000,true
XAUUSDm,M5,2025-01-08T03:35:00Z,2629.37668,2629.60905,2629.08784,2629.34503,1103.00,0.22000,true
XAUUSDm,M5,2025-01-08T03:40:00Z,2629.34503,2629.58354,2629.07201,2629.33073,1140.00,0.19000,true
XAUUSDm,M5,2025-01-08T03:45:00Z,2629.33073,2629.57850,2629.07106,2629.33443,1177.00,0.23000,true
XAUUSDm,M5,2025-01-08T03:50:00Z,2629.33443,2629.60507,2629.07443,2629.35613,714.00,0.20000,true
XAUUSDm,M5,2025-01-08T03:55:00Z,2629.35613,2629.64826,2629.09642,2629.39526,751.00,0.17000,true
XAUUSDm,M5,2025-01-08T04:00:00Z,2629.39526,2629.70684,2629.13645,2629.45064,788.00,0.21000,true
XAUUSDm,M5,2025-01-08T04:05:00Z,2629.45064,2629.77903,2629.19333,2629.52058,825.00,0.18000,true
XAUUSDm,M5,2025-01-08T04:10:00Z,2629.52058,2629.86261,2629.26535,2629.60289,862.00,0.22000,true
XAUUSDm,M5,2025-01-08T04:15:00Z,2629.60289,2629.95501,2629.35031,2629.69505,899.00,0.19000,true
XAUUSDm,M5,2025-01-08T04:20:00Z,2629.69505,2630.05341,2629.44563,2629.79421,936.00,0.23000,true
XAUUSDm,M5,2025-01-08T04:25:00Z,2629.79421,2630.15482,2629.54845,2629.89739,973.00,0.20000,true
XAUUSDm,M5,2025-01-08T04:30:00Z,2629.89739,2630.25625,2629.65572,2630.00155,1010.00,0.17000,true
XAUUSDm,M5,2025-01-08T04:35:00Z,2630.00155,2630.35480,2629.76437,2630.10374,1047.00,0.21000,true
XAUUSDm,M5,2025-01-08T04:40:00Z,2630.10374,2630.44777,2629.87139,2630.20119,1084.00,0.18000,true
XAUUSDm,M5,2025-01-08T04:45:00Z,2630.20119,2630.53278,2629.97393,2630.29143,1121.00,0.22000,true
XAUUSDm,M5,2025-01-08T04:50:00Z,2630.29143,2630.60788,2630.06948,2630.37240,1158.00,0.19000,true
XAUUSDm,M5,2025-01-08T04:55:00Z,2630.37240,2630.67160,2630.15590,2630.44250,1195.00,0.23000,true
XAUUSDm,M5,2025-01-08T05:00:00Z,2630.44250,2630.86702,2630.23154,2630.50070,732.00,0.20000,true
XAUUSDm,M5,2025-01-08T05:05:00Z,2630.50070,2630.76182,2630.29529,2630.54652,769.00,0.17000,true
XAUUSDm,M5,2025-01-08T05:10:00Z,2630.54652,2630.78827,2630.34660,2630.58010,806.00,0.21000,true
XAUUSDm,M5,2025-01-08T05:15:00Z,2630.58010,2630.80324,2630.38555,2630.60217,843.00,0.18000,true
XAUUSDm,M5,2025-01-08T05:20:00Z,2630.60217,2630.80816,2630.41280,2630.61400,880.00,0.22000,true
XAUUSDm,M5,2025-01-08T05:25:00Z,2630.61400,2630.80495,2630.42955,2630.61738,917.00,0.19000,true
XAUUSDm,M5,2025-01-08T05:30:00Z,2630.61738,2630.79881,2630.43468,2630.61452,954.00,0.23000,true
XAUUSDm,M5,2025-01-08T05:35:00Z,2630.61452,2630.79040,2630.43237,2630.60798,991.00,0.20000,true
XAUUSDm,M5,2025-01-08T05:40:00Z,2630.60798,2630.77900,2630.42874,2630.60053,1028.00,0.17000,true
XAUUSDm,M5,2025-01-08T05:45:00Z,2630.60053,2630.76750,2630.42664,2630.59509,1065.00,0.21000,true
XAUUSDm,M5,2025-01-08T05:50:00Z,2630.59509,2630.75887,2630.42894,2630.59456,1102.00,0.18000,true
XAUUSDm,M5,2025-01-08T05:55:00Z,2630.59456,2630.76325,2630.43122,2630.60172,1139.00,0.22000,true
XAUUSDm,M5,2025-01-08T06:00:00Z,2630.60172,2630.77938,2630.44008,2630.61910,1176.00,0.19000,true
XAUUSDm,M5,2025-01-08T06:05:00Z,2630.61910,2630.80896,2630.45857,2630.64892,713.00,0.23000,true
XAUUSDm,M5,2025-01-08T06:10:00Z,2630.64892,2630.85375,2630.48889,2630.69294,750.00,0.20000,true
XAUUSDm,M5,2025-01-08T06:15:00Z,2630.69294,2630.91501,2630.53280,2630.75243,787.00,0.17000,true
XAUUSDm,M5,2025-01-08T06:20:00Z,2630.75243,2630.99339,2630.59155,2630.82806,824.00,0.21000,true
XAUUSDm,M5,2025-01-08T06:25:00Z,2630.82806,2631.08892,2630.66584,2630.91994,861.00,0.18000,true
XAUUSDm,M5,2025-01-08T06:30:00Z,2630.91994,2631.20102,2630.75579,2631.02755,898.00,0.22000,true
XAUUSDm,M5,2025-01-08T06:35:00Z,2631.02755,2631.32851,2630.86092,2631.14980,935.00,0.19000,true
XAUUSDm,M5,2025-01-08T06:40:00Z,2631.14980,2631.46961,2630.98014,2631.28503,972.00,0.23000,true
XAUUSDm,M5,2025-01-08T06:45:00Z,2631.28503,2631.62206,2631.11184,2631.43110,1009.00,0.20000,true
XAUUSDm,M5,2025-01-08T06:50:00Z,2631.43110,2631.78317,2630.97612,2631.58543,1046.00,0.17000,true
XAUUSDm,M5,2025-01-08T06:55:00Z,2631.58543,2631.94994,2631.40388,2631.74518,1083.00,0.21000,true
XAUUSDm,M5,2025-01-08T07:00:00Z,2631.74518,2632.11914,2631.55889,2631.90724,1120.00,0.18000,true
XAUUSDm,M5,2025-01-08T07:05:00Z,2631.90724,2632.28746,2631.71593,2632.06846,1157.00,0.22000,true
XAUUSDm,M5,2025-01-08T07:10:00Z,2632.06846,2632.45161,2631.87189,2632.22571,1194.00,0.19000,true
XAUUSDm,M5,2025-01-08T07:15:00Z,2632.22571,2632.60848,2632.02371,2632.37599,731.00,0.23000,true
XAUUSDm,M5,2025-01-08T07:20:00Z,2632.37599,2632.75521,2632.16847,2632.51660,768.00,0.20000,true
XAUUSDm,M5,2025-01-08T07:25:00Z,2632.51660,2632.88933,2632.30353,2632.64517,805.00,0.17000,true
XAUUSDm,M5,2025-01-08T07:30:00Z,2632.64517,2633.00883,2632.42658,2632.75982,842.00,0.21000,true
XAUUSDm,M5,2025-01-08T07:35:00Z,2632.75982,2633.11225,2632.53583,2632.85918,879.00,0.18000,true
XAUUSDm,M5,2025-01-08T07:40:00Z,2632.85918,2633.19870,2632.62995,2632.94246,916.00,0.22000,true
XAUUSDm,M5,2025-01-08T07:45:00Z,2632.94246,2633.26794,2632.70823,2633.00946,953.00,0.19000,true
XAUUSDm,M5,2025-01-08T07:50:00Z,2633.00946,2633.32034,2632.77053,2633.06061,990.00,0.23000,true
XAUUSDm,M5,2025-01-08T07:55:00Z,2633.06061,2633.35686,2632.81734,2633.09690,1027.00,0.20000,true
XAUUSDm,M5,2025-01-08T08:00:00Z,2633.09690,2633.37904,2632.84969,2633.11987,1064.00,0.17000,true
XAUUSDm,M5,2025-01-08T08:05:00Z,2633.11987,2633.38891,2632.86918,2633.13152,1101.00,0.21000,true
XAUUSDm,M5,2025-01-08T08:10:00Z,2633.13152,2633.38890,2632.87787,2633.13426,1138.00,0.18000,true
XAUUSDm,M5,2025-01-08T08:15:00Z,2633.13426,2633.38524,2632.87467,2633.13076,1175.00,0.22000,true
XAUUSDm,M5,2025-01-08T08:20:00Z,2633.13076,2633.37725,2632.86594,2633.12389,712.00,0.19000,true
XAUUSDm,M5,2025-01-08T08:25:00Z,2633.12389,2633.36514,2632.85734,2633.11657,749.00,0.23000,true
XAUUSDm,M5,2025-01-08T08:30:00Z,2633.11657,2633.35194,2632.85175,2633.11165,786.00,0.20000,true
XAUUSDm,M5,2025-01-08T08:35:00Z,2633.11165,2633.34078,2632.85170,2633.11180,823.00,0.17000,true
XAUUSDm,M5,2025-01-08T08:40:00Z,2633.11180,2633.34162,2632.85242,2633.11942,860.00,0.21000,true
XAUUSDm,M5,2025-01-08T08:45:00Z,2633.11942,2633.35167,2632.86121,2633.13650,897.00,0.18000,true
XAUUSDm,M5,2025-01-08T08:50:00Z,2633.13650,2633.37260,2632.88006,2633.16456,934.00,0.22000,true
XAUUSDm,M5,2025-01-08T08:55:00Z,2633.16456,2633.40553,2632.91045,2633.20459,971.00,0.19000,true
XAUUSDm,M5,2025-01-08T09:00:00Z,2633.20459,2633.45104,2632.95337,2633.25700,1008.00,0.23000,true
XAUUSDm,M5,2025-01-08T09:05:00Z,2633.25700,2633.50907,2633.00918,2633.32162,1045.00,0.20000,true
XAUUSDm,M5,2025-01-08T09:10:00Z,2633.32162,2633.57899,2633.07765,2633.39766,1082.00,0.17000,true
XAUUSDm,M5,2025-01-08T09:15:00Z,2633.39766,2633.65957,2633.15797,2633.48378,1119.00,0.21000,true
XAUUSDm,M5,2025-01-08T09:20:00Z,2633.48378,2633.74908,2633.24873,2633.57813,1156.00,0.18000,true
XAUUSDm,M5,2025-01-08T09:25:00Z,2633.57813,2634.02585,2633.34804,2633.67842,1193.00,0.22000,true
XAUUSDm,M5,2025-01-08T09:30:00Z,2633.67842,2633.94575,2633.45353,2633.78202,730.00,0.19000,true
XAUUSDm,M5,2025-01-08T09:35:00Z,2633.78202,2634.04754,2633.56252,2633.88604,767.00,0.23000,true
XAUUSDm,M5,2025-01-08T09:40:00Z,2633.88604,2634.14773,2633.67204,2633.98746,804.00,0.20000,true
XAUUSDm,M5,2025-01-08T09:45:00Z,2633.98746,2634.24331,2633.77901,2634.08327,841.00,0.17000,true
XAUUSDm,M5,2025-01-08T09:50:00Z,2634.08327,2634.33137,2633.88035,2634.17053,878.00,0.21000,true
XAUUSDm,M5,2025-01-08T09:55:00Z,2634.17053,2634.40920,2633.97306,2634.24657,915.00,0.18000,true
XAUUSDm,M5,2025-01-08T10:00:00Z,2634.24657,2634.47440,2634.05439,2634.30902,952.00,0.22000,true
XAUUSDm,M5,2025-01-08T10:05:00Z,2634.30902,2634.52500,2634.12190,2634.35595,989.00,0.19000,true
XAUUSDm,M5,2025-01-08T10:10:00Z,2634.35595,2634.55949,2634.17362,2634.38593,1026.00,0.23000,true
XAUUSDm,M5,2025-01-08T10:15:00Z,2634.38593,2634.57691,2634.20805,2634.39811,1063.00,0.20000,true
XAUUSDm,M5,2025-01-08T10:20:00Z,2634.39811,2634.58279,2634.21838,2634.39221,1100.00,0.17000,true
XAUUSDm,M5,2025-01-08T10:25:00Z,2634.39221,2634.58328,2634.19835,2634.36858,1137.00,0.21000,true
XAUUSDm,M5,2025-01-08T10:30:00Z,2634.36858,2634.56644,2634.16105,2634.32816,1174.00,0.18000,true
XAUUSDm,M5,2025-01-08T10:35:00Z,2634.32816,2634.53305,2634.10795,2634.27247,711.00,0.22000,true
XAUUSDm,M5,2025-01-08T10:40:00Z,2634.27247,2634.48450,2634.04102,2634.20352,748.00,0.19000,true
XAUUSDm,M5,2025-01-08T10:45:00Z,2634.20352,2634.42263,2633.81867,2634.12374,785.00,0.23000,true
XAUUSDm,M5,2025-01-08T10:50:00Z,2634.12374,2634.34976,2633.87567,2634.03590,822.00,0.20000,true
XAUUSDm,M5,2025-01-08T10:55:00Z,2634.03590,2634.26850,2633.78300,2633.94301,859.00,0.17000,true
XAUUSDm,M5,2025-01-08T11:00:00Z,2633.94301,2634.18173,2633.68776,2633.84816,896.00,0.21000,true
XAUUSDm,M5,2025-01-08T11:05:00Z,2633.84816,2634.09242,2633.59305,2633.75446,933.00,0.18000,true
XAUUSDm,M5,2025-01-08T11:10:00Z,2633.75446,2634.00355,2633.50185,2633.66487,970.00,0.22000,true
XAUUSDm,M5,2025-01-08T11:15:00Z,2633.66487,2633.91800,2633.41690,2633.58210,1007.00,0.19000,true
XAUUSDm,M5,2025-01-08T11:20:00Z,2633.58210,2633.83839,2633.34058,2633.50852,1044.00,0.23000,true
XAUUSDm,M5,2025-01-08T11:25:00Z,2633.50852,2633.76703,2633.27485,2633.44605,1081.00,0.20000,true
XAUUSDm,M5,2025-01-08T11:30:00Z,2633.44605,2633.70579,2633.22118,2633.39611,1118.00,0.17000,true
XAUUSDm,M5,2025-01-08T11:35:00Z,2633.39611,2633.65607,2633.18045,2633.35955,1155.00,0.21000,true
XAUUSDm,M5,2025-01-08T11:40:00Z,2633.35955,2633.61871,2633.15297,2633.33662,1192.00,0.18000,true
XAUUSDm,M5,2025-01-08T11:45:00Z,2633.33662,2633.59397,2633.13845,2633.32697,729.00,0.22000,true
XAUUSDm,M5,2025-01-08T11:50:00Z,2633.32697,2633.58427,2633.13331,2633.32969,766.00,0.19000,true
XAUUSDm,M5,2025-01-08T11:55:00Z,2633.32969,2633.59420,2633.13068,2633.34329,803.00,0.23000,true
XAUUSDm,M5,2025-01-08T12:00:00Z,2633.34329,2633.61225,2633.13881,2633.36585,840.00,0.20000,true
XAUUSDm,M5,2025-01-08T12:05:00Z,2633.36585,2633.63617,2633.15582,2633.39502,877.00,0.17000,true
XAUUSDm,M5,2025-01-08T12:10:00Z,2633.39502,2633.66344,2633.17945,2633.42818,914.00,0.21000,true
XAUUSDm,M5,2025-01-08T12:15:00Z,2633.42818,2633.69138,2633.20714,2633.46252,951.00,0.18000,true
XAUUSDm,M5,2025-01-08T12:20:00Z,2633.46252,2633.71722,2633.23613,2633.49515,988.00,0.22000,true
XAUUSDm,M5,2025-01-08T12:25:00Z,2633.49515,2633.73829,2633.26363,2633.52324,1025.00,0.19000,true
XAUUSDm,M5,2025-01-08T12:30:00Z,2633.52324,2633.75206,2633.28685,2633.54415,1062.00,0.23000,true
XAUUSDm,M5,2025-01-08T12:35:00Z,2633.54415,2633.75632,2633.30321,2633.55549,1099.00,0.20000,true
XAUUSDm,M5,2025-01-08T12:40:00Z,2633.55549,2633.74941,2633.31018,2633.55529,1136.00,0.17000,true
XAUUSDm,M5,2025-01-08T12:45:00Z,2633.55529,2633.74263,2633.29317,2633.54200,1173.00,0.21000,true
XAUUSDm,M5,2025-01-08T12:50:00Z,2633.54200,2633.72323,2633.26257,2633.51465,710.00,0.18000,true
XAUUSDm,M5,2025-01-08T12:55:00Z,2633.51465,2633.69035,2633.21801,2633.47283,747.00,0.22000,true
XAUUSDm,M5,2025-01-08T13:00:00Z,2633.47283,2633.64370,2633.15972,2633.41672,784.00,0.19000,true
XAUUSDm,M5,2025-01-08T13:05:00Z,2633.41672,2633.58356,2633.08852,2633.34712,821.00,0.23000,true
XAUUSDm,M5,2025-01-08T13:10:00Z,2633.34712,2633.51080,2633.00578,2633.26538,858.00,0.20000,true
XAUUSDm,M5,2025-01-08T13:15:00Z,2633.26538,2633.42686,2632.91340,2633.17339,895.00,0.17000,true
XAUUSDm,M5,2025-01-08T13:20:00Z,2633.17339,2633.33364,2632.81371,2633.07348,932.00,0.21000,true
XAUUSDm,M5,2025-01-08T13:25:00Z,2633.07348,2633.23353,2632.70943,2632.96836,969.00,0.18000,true
XAUUSDm,M5,2025-01-08T13:30:00Z,2632.96836,2633.12921,2632.60350,2632.86098,1006.00,0.22000,true
XAUUSDm,M5,2025-01-08T13:35:00Z,2632.86098,2633.02365,2632.49902,2632.75447,1043.00,0.19000,true
XAUUSDm,M5,2025-01-08T13:40:00Z,2632.75447,2632.91991,2632.39909,2632.65196,1080.00,0.23000,true
XAUUSDm,M5,2025-01-08T13:45:00Z,2632.65196,2632.82108,2632.30675,2632.55650,1117.00,0.20000,true
XAUUSDm,M5,2025-01-08T13:50:00Z,2632.55650,2632.88416,2632.22479,2632.47093,1154.00,0.17000,true
XAUUSDm,M5,2025-01-08T13:55:00Z,2632.47093,2632.64983,2632.15569,2632.39778,1191.00,0.21000,true
XAUUSDm,M5,2025-01-08T14:00:00Z,2632.39778,2632.58257,2632.10152,2632.33915,728.00,0.18000,true
XAUUSDm,M5,2025-01-08T14:05:00Z,2632.33915,2632.53034,2632.06382,2632.29666,765.00,0.22000,true
XAUUSDm,M5,2025-01-08T14:10:00Z,2632.29666,2632.49464,2632.04360,2632.27137,802.00,0.19000,true
XAUUSDm,M5,2025-01-08T14:15:00Z,2632.27137,2632.47638,2632.04126,2632.26374,839.00,0.23000,true
XAUUSDm,M5,2025-01-08T14:20:00Z,2632.26374,2632.48578,2632.04671,2632.27363,876.00,0.20000,true
XAUUSDm,M5,2025-01-08T14:25:00Z,2632.27363,2632.51953,2632.06213,2632.30029,913.00,0.17000,true
XAUUSDm,M5,2025-01-08T14:30:00Z,2632.30029,2632.56855,2632.09434,2632.34241,950.00,0.21000,true
XAUUSDm,M5,2025-01-08T14:35:00Z,2632.34241,2632.63088,2632.14197,2632.39817,987.00,0.18000,true
XAUUSDm,M5,2025-01-08T14:40:00Z,2632.39817,2632.70411,2632.05910,2632.46529,1024.00,0.22000,true
XAUUSDm,M5,2025-01-08T14:45:00Z,2632.46529,2632.78551,2632.27542,2632.54116,1061.00,0.19000,true
XAUUSDm,M5,2025-01-08T14:50:00Z,2632.54116,2632.87211,2632.35625,2632.62294,1098.00,0.23000,true
XAUUSDm,M5,2025-01-08T14:55:00Z,2632.62294,2632.96085,2632.44267,2632.70766,1135.00,0.20000,true
XAUUSDm,M5,2025-01-08T15:00:00Z,2632.70766,2633.04866,2632.53166,2632.79232,1172.00,0.17000,true
XAUUSDm,M5,2025-01-08T15:05:00Z,2632.79232,2633.13261,2632.62018,2632.87407,709.00,0.21000,true
XAUUSDm,M5,2025-01-08T15:10:00Z,2632.87407,2633.21003,2632.70531,2632.95027,746.00,0.18000,true
XAUUSDm,M5,2025-01-08T15:15:00Z,2632.95027,2633.27858,2632.78440,2633.01863,783.00,0.22000,true
XAUUSDm,M5,2025-01-08T15:20:00Z,2633.01863,2633.33640,2632.85509,2633.07727,820.00,0.19000,true
XAUUSDm,M5,2025-01-08T15:25:00Z,2633.07727,2633.38214,2632.91549,2633.12482,857.00,0.23000,true
XAUUSDm,M5,2025-01-08T15:30:00Z,2633.12482,2633.41501,2632.96421,2633.16048,894.00,0.20000,true
XAUUSDm,M5,2025-01-08T15:35:00Z,2633.16048,2633.43486,2633.00043,2633.18403,931.00,0.17000,true
XAUUSDm,M5,2025-01-08T15:40:00Z,2633.18403,2633.44214,2633.02392,2633.19582,968.00,0.21000,true
XAUUSDm,M5,2025-01-08T15:45:00Z,2633.19582,2633.43788,2633.03504,2633.19683,1005.00,0.18000,true
XAUUSDm,M5,2025-01-08T15:50:00Z,2633.19683,2633.43198,2633.02648,2633.18854,1042.00,0.22000,true
XAUUSDm,M5,2025-01-08T15:55:00Z,2633.18854,2633.41729,2633.00901,2633.17294,1079.00,0.19000,true
XAUUSDm,M5,2025-01-08T16:00:00Z,2633.17294,2633.39490,2632.98603,2633.15240,1116.00,0.23000,true
XAUUSDm,M5,2025-01-08T16:05:00Z,2633.15240,2633.36733,2632.96026,2633.12960,1153.00,0.20000,true
XAUUSDm,M5,2025-01-08T16:10:00Z,2633.12960,2633.33739,2632.93459,2633.10742,1190.00,0.17000,true
XAUUSDm,M5,2025-01-08T16:15:00Z,2633.10742,2633.30812,2632.91204,2633.08880,727.00,0.21000,true
XAUUSDm,M5,2025-01-08T16:20:00Z,2633.08880,2633.28260,2632.89555,2633.07666,764.00,0.18000,true
XAUUSDm,M5,2025-01-08T16:25:00Z,2633.07666,2633.26389,2632.88792,2633.07373,801.00,0.22000,true
XAUUSDm,M5,2025-01-08T16:30:00Z,2633.07373,2633.26362,2632.88292,2633.08249,838.00,0.19000,true
XAUUSDm,M5,2025-01-08T16:35:00Z,2633.08249,2633.28065,2632.88644,2633.10504,875.00,0.23000,true
XAUUSDm,M5,2025-01-08T16:40:00Z,2633.10504,2633.31379,2632.90358,2633.14300,912.00,0.20000,true
XAUUSDm,M5,2025-01-08T16:45:00Z,2633.14300,2633.36424,2632.93602,2633.19747,949.00,0.17000,true
XAUUSDm,M5,2025-01-08T16:50:00Z,2633.19747,2633.43261,2632.98494,2633.26897,986.00,0.21000,true
XAUUSDm,M5,2025-01-08T16:55:00Z,2633.26897,2633.51886,2633.05092,2633.35742,1023.00,0.18000,true
XAUUSDm,M5,2025-01-08T17:00:00Z,2633.35742,2633.62235,2633.13394,2633.46211,1060.00,0.22000,true
XAUUSDm,M5,2025-01-08T17:05:00Z,2633.46211,2633.74183,2633.23338,2633.58178,1097.00,0.19000,true
XAUUSDm,M5,2025-01-08T17:10:00Z,2633.58178,2633.87549,2633.34802,2633.71461,1134.00,0.23000,true
XAUUSDm,M5,2025-01-08T17:15:00Z,2633.71461,2634.02103,2633.47612,2633.85832,1171.00,0.20000,true
XAUUSDm,M5,2025-01-08T17:20:00Z,2633.85832,2634.17576,2633.61545,2634.01026,708.00,0.17000,true
XAUUSDm,M5,2025-01-08T17:25:00Z,2634.01026,2634.33667,2633.76341,2634.16747,745.00,0.21000,true
XAUUSDm,M5,2025-01-08T17:30:00Z,2634.16747,2634.50057,2633.91710,2634.32684,782.00,0.18000,true
XAUUSDm,M5,2025-01-08T17:35:00Z,2634.32684,2634.66421,2634.07345,2634.48521,819.00,0.22000,true
XAUUSDm,M5,2025-01-08T17:40:00Z,2634.48521,2634.82439,2634.22934,2634.63949,856.00,0.19000,true
XAUUSDm,M5,2025-01-08T17:45:00Z,2634.63949,2634.97808,2634.38169,2634.78677,893.00,0.23000,true
XAUUSDm,M5,2025-01-08T17:50:00Z,2634.78677,2635.12255,2634.52764,2634.92444,930.00,0.20000,true
XAUUSDm,M5,2025-01-08T17:55:00Z,2634.92444,2635.25545,2634.66459,2635.05031,967.00,0.17000,true
XAUUSDm,M5,2025-01-08T18:00:00Z,2635.05031,2635.33491,2634.79034,2635.12263,1004.00,0.21000,true
XAUUSDm,M5,2025-01-08T18:05:00Z,2635.12263,2635.39959,2634.86317,2635.18023,1041.00,0.18000,true
XAUUSDm,M5,2025-01-08T18:10:00Z,2635.18023,2635.44877,2634.92188,2635.22251,1078.00,0.22000,true
XAUUSDm,M5,2025-01-08T18:15:00Z,2635.22251,2635.62630,2634.96587,2635.24947,1115.00,0.19000,true
XAUUSDm,M5,2025-01-08T18:20:00Z,2635.24947,2635.50065,2634.99512,2635.26172,1152.00,0.23000,true
XAUUSDm,M5,2025-01-08T18:25:00Z,2635.26172,2635.50616,2635.00890,2635.26042,1189.00,0.20000,true
XAUUSDm,M5,2025-01-08T18:30:00Z,2635.26042,2635.50967,2634.99909,2635.24727,726.00,0.17000,true
XAUUSDm,M5,2025-01-08T18:35:00Z,2635.24727,2635.50053,2634.83603,2635.22439,763.00,0.21000,true
XAUUSDm,M5,2025-01-08T18:40:00Z,2635.22439,2635.48078,2634.95416,2635.19428,800.00,0.18000,true
XAUUSDm,M5,2025-01-08T18:45:00Z,2635.19428,2635.45285,2634.92414,2635.15965,837.00,0.22000,true
XAUUSDm,M5,2025-01-08T18:50:00Z,2635.15965,2635.41942,2634.89281,2635.12340,874.00,0.19000,true
XAUUSDm,M5,2025-01-08T18:55:00Z,2635.12340,2635.38334,2634.86299,2635.08839,911.00,0.23000,true
XAUUSDm,M5,2025-01-08T19:00:00Z,2635.08839,2635.34750,2634.83738,2635.05741,948.00,0.20000,true
XAUUSDm,M5,2025-01-08T19:05:00Z,2635.05741,2635.31468,2634.81849,2635.03303,985.00,0.17000,true
XAUUSDm,M5,2025-01-08T19:10:00Z,2635.03303,2635.28750,2634.80848,2635.01747,1022.00,0.21000,true
XAUUSDm,M5,2025-01-08T19:15:00Z,2635.01747,2635.26824,2634.80910,2635.01256,1059.00,0.18000,true
XAUUSDm,M5,2025-01-08T19:20:00Z,2635.01256,2635.26583,2634.81456,2635.01960,1096.00,0.22000,true
XAUUSDm,M5,2025-01-08T19:25:00Z,2635.01960,2635.28033,2634.82691,2635.03937,1133.00,0.19000,true
XAUUSDm,M5,2025-01-08T19:30:00Z,2635.03937,2635.30709,2634.85178,2635.07205,1170.00,0.23000,true
XAUUSDm,M5,2025-01-08T19:35:00Z,2635.07205,2635.34583,2634.88927,2635.11720,707.00,0.20000,true
XAUUSDm,M5,2025-01-08T19:40:00Z,2635.11720,2635.39565,2634.93890,2635.17382,744.00,0.17000,true
XAUUSDm,M5,2025-01-08T19:45:00Z,2635.17382,2635.45515,2634.99962,2635.24036,781.00,0.21000,true
XAUUSDm,M5,2025-01-08T19:50:00Z,2635.24036,2635.52242,2635.06980,2635.31476,818.00,0.18000,true
XAUUSDm,M5,2025-01-08T19:55:00Z,2635.31476,2635.59515,2635.14737,2635.39457,855.00,0.22000,true
XAUUSDm,M5,2025-01-08T20:00:00Z,2635.39457,2635.67070,2635.22982,2635.47702,892.00,0.19000,true
XAUUSDm,M5,2025-01-08T20:05:00Z,2635.47702,2635.74624,2635.31435,2635.55912,929.00,0.23000,true
XAUUSDm,M5,2025-01-08T20:10:00Z,2635.55912,2635.81882,2635.39795,2635.63780,966.00,0.20000,true
XAUUSDm,M5,2025-01-08T20:15:00Z,2635.63780,2635.88553,2635.47752,2635.71001,1003.00,0.17000,true
XAUUSDm,M5,2025-01-08T20:20:00Z,2635.71001,2635.94357,2635.55001,2635.77286,1040.00,0.21000,true
XAUUSDm,M5,2025-01-08T20:25:00Z,2635.77286,2635.99042,2635.61252,2635.82371,1077.00,0.18000,true
XAUUSDm,M5,2025-01-08T20:30:00Z,2635.82371,2636.02388,2635.66242,2635.86029,1114.00,0.22000,true
XAUUSDm,M5,2025-01-08T20:35:00Z,2635.86029,2636.04220,2635.69746,2635.88079,1151.00,0.19000,true
XAUUSDm,M5,2025-01-08T20:40:00Z,2635.88079,2636.04416,2635.71583,2635.88393,1188.00,0.23000,true
XAUUSDm,M5,2025-01-08T20:45:00Z,2635.88393,2636.04399,2635.70134,2635.86899,725.00,0.20000,true
XAUUSDm,M5,2025-01-08T20:50:00Z,2635.86899,2636.02990,2635.66502,2635.83588,762.00,0.17000,true
XAUUSDm,M5,2025-01-08T20:55:00Z,2635.83588,2635.99863,2635.61055,2635.78510,799.00,0.21000,true
XAUUSDm,M5,2025-01-08T21:00:00Z,2635.78510,2635.95066,2635.53907,2635.71775,836.00,0.18000,true
XAUUSDm,M5,2025-01-08T21:05:00Z,2635.71775,2635.88702,2635.45227,2635.63546,873.00,0.22000,true
XAUUSDm,M5,2025-01-08T21:10:00Z,2635.63546,2635.80928,2635.35233,2635.54037,910.00,0.19000,true
XAUUSDm,M5,2025-01-08T21:15:00Z,2635.54037,2635.71947,2635.24184,2635.43499,947.00,0.23000,true
XAUUSDm,M5,2025-01-08T21:20:00Z,2635.43499,2635.62000,2635.12368,2635.32216,984.00,0.20000,true
XAUUSDm,M5,2025-01-08T21:25:00Z,2635.32216,2635.51358,2635.00092,2635.20486,1021.00,0.17000,true
XAUUSDm,M5,2025-01-08T21:30:00Z,2635.20486,2635.40309,2634.87671,2635.08619,1058.00,0.21000,true
XAUUSDm,M5,2025-01-08T21:35:00Z,2635.08619,2635.29146,2634.75414,2634.96917,1095.00,0.18000,true
XAUUSDm,M5,2025-01-08T21:40:00Z,2634.96917,2635.18157,2634.63614,2634.85665,1132.00,0.22000,true
XAUUSDm,M5,2025-01-08T21:45:00Z,2634.85665,2635.07614,2634.52535,2634.75122,1169.00,0.19000,true
XAUUSDm,M5,2025-01-08T21:50:00Z,2634.75122,2634.97760,2634.42404,2634.65507,706.00,0.23000,true
XAUUSDm,M5,2025-01-08T21:55:00Z,2634.65507,2634.88801,2634.33399,2634.56992,743.00,0.20000,true
XAUUSDm,M5,2025-01-08T22:00:00Z,2634.56992,2634.80895,2634.25647,2634.49698,780.00,0.17000,true
XAUUSDm,M5,2025-01-08T22:05:00Z,2634.49698,2634.74151,2634.19214,2634.43686,817.00,0.21000,true
XAUUSDm,M5,2025-01-08T22:10:00Z,2634.43686,2634.68619,2634.14110,2634.38959,854.00,0.18000,true
XAUUSDm,M5,2025-01-08T22:15:00Z,2634.38959,2634.64291,2634.10281,2634.35461,891.00,0.22000,true
XAUUSDm,M5,2025-01-08T22:20:00Z,2634.35461,2634.61104,2634.07619,2634.33077,928.00,0.19000,true
XAUUSDm,M5,2025-01-08T22:25:00Z,2634.33077,2634.58937,2634.05960,2634.31641,965.00,0.23000,true
XAUUSDm,M5,2025-01-08T22:30:00Z,2634.31641,2634.57619,2633.90697,2634.30944,1002.00,0.20000,true
XAUUSDm,M5,2025-01-08T22:35:00Z,2634.30944,2634.56938,2634.04786,2634.30740,1039.00,0.17000,true
XAUUSDm,M5,2025-01-08T22:40:00Z,2634.30740,2634.71064,2634.04741,2634.30755,1076.00,0.21000,true
XAUUSDm,M5,2025-01-08T22:45:00Z,2634.30755,2634.56479,2634.04723,2634.30705,1113.00,0.18000,true
XAUUSDm,M5,2025-01-08T22:50:00Z,2634.30705,2634.56146,2634.04396,2634.30300,1150.00,0.22000,true
XAUUSDm,M5,2025-01-08T22:55:00Z,2634.30300,2634.55369,2634.03495,2634.29260,1187.00,0.19000,true
XAUUSDm,M5,2025-01-08T23:00:00Z,2634.29260,2634.53874,2634.01760,2634.27328,724.00,0.23000,true
XAUUSDm,M5,2025-01-08T23:05:00Z,2634.27328,2634.51413,2633.98963,2634.24277,761.00,0.20000,true
XAUUSDm,M5,2025-01-08T23:10:00Z,2634.24277,2634.47771,2633.94916,2634.19923,798.00,0.17000,true
XAUUSDm,M5,2025-01-08T23:15:00Z,2634.19923,2634.42775,2633.89481,2634.14132,835.00,0.21000,true
XAUUSDm,M5,2025-01-08T23:20:00Z,2634.14132,2634.36303,2633.82572,2634.06822,872.00,0.18000,true
XAUUSDm,M5,2025-01-08T23:25:00Z,2634.06822,2634.28289,2633.74165,2633.97973,909.00,0.22000,true
XAUUSDm,M5,2025-01-08T23:30:00Z,2633.97973,2634.18726,2633.64293,2633.87625,946.00,0.19000,true
XAUUSDm,M5,2025-01-08T23:35:00Z,2633.87625,2634.07670,2633.53050,2633.75877,983.00,0.23000,true
XAUUSDm,M5,2025-01-08T23:40:00Z,2633.75877,2633.95233,2633.40584,2633.62884,1020.00,0.20000,true
XAUUSDm,M5,2025-01-08T23:45:00Z,2633.62884,2633.81585,2633.27095,2633.48852,1057.00,0.17000,true
XAUUSDm,M5,2025-01-08T23:50:00Z,2633.48852,2633.66943,2633.12824,2633.34028,1094.00,0.21000,true
XAUUSDm,M5,2025-01-08T23:55:00Z,2633.34028,2633.51570,2632.98046,2633.18695,1131.00,0.18000,true
XAUUSDm,M5,2025-01-09T00:00:00Z,2633.18695,2633.35758,2632.83058,2633.03156,1168.00,0.22000,true
XAUUSDm,M5,2025-01-09T00:05:00Z,2633.03156,2633.19820,2632.68169,2632.87727,705.00,0.19000,true
XAUUSDm,M5,2025-01-09T00:10:00Z,2632.87727,2633.04081,2632.53686,2632.72722,742.00,0.23000,true
XAUUSDm,M5,2025-01-09T00:15:00Z,2632.72722,2632.88861,2632.39905,2632.58443,779.00,0.20000,true
XAUUSDm,M5,2025-01-09T00:20:00Z,2632.58443,2632.74465,2632.27096,2632.45167,816.00,0.17000,true
XAUUSDm,M5,2025-01-09T00:25:00Z,2632.45167,2632.61173,2632.15495,2632.33135,853.00,0.21000,true
XAUUSDm,M5,2025-01-09T00:30:00Z,2632.33135,2632.49227,2632.05295,2632.22545,890.00,0.18000,true
XAUUSDm,M5,2025-01-09T00:35:00Z,2632.22545,2632.38824,2631.96638,2632.13544,927.00,0.22000,true
XAUUSDm,M5,2025-01-09T00:40:00Z,2632.13544,2632.30106,2631.89607,2632.06220,964.00,0.19000,true
XAUUSDm,M5,2025-01-09T00:45:00Z,2632.06220,2632.23155,2631.84229,2632.00604,1001.00,0.23000,true
XAUUSDm,M5,2025-01-09T00:50:00Z,2632.00604,2632.17994,2631.80470,2631.96662,1038.00,0.20000,true
XAUUSDm,M5,2025-01-09T00:55:00Z,2631.96662,2632.14582,2631.78235,2631.94305,1075.00,0.17000,true
XAUUSDm,M5,2025-01-09T01:00:00Z,2631.94305,2632.12817,2631.77379,2631.93386,1112.00,0.21000,true
XAUUSDm,M5,2025-01-09T01:05:00Z,2631.93386,2632.12867,2631.77379,2631.93712,1149.00,0.18000,true
XAUUSDm,M5,2025-01-09T01:10:00Z,2631.93712,2632.14881,2631.77643,2631.95046,1186.00,0.22000,true
XAUUSDm,M5,2025-01-09T01:15:00Z,2631.95046,2632.17662,2631.78855,2631.97122,723.00,0.19000,true
XAUUSDm,M5,2025-01-09T01:20:00Z,2631.97122,2632.20907,2631.80750,2631.99654,760.00,0.23000,true
XAUUSDm,M5,2025-01-09T01:25:00Z,2631.99654,2632.24307,2631.83043,2632.02346,797.00,0.20000,true
XAUUSDm,M5,2025-01-09T01:30:00Z,2632.02346,2632.27557,2631.85442,2632.04907,834.00,0.17000,true
XAUUSDm,M5,2025-01-09T01:35:00Z,2632.04907,2632.30366,2631.87660,2632.07061,871.00,0.21000,true
XAUUSDm,M5,2025-01-09T01:40:00Z,2632.07061,2632.32473,2631.89425,2632.08560,908.00,0.18000,true
XAUUSDm,M5,2025-01-09T01:45:00Z,2632.08560,2632.33653,2631.90493,2632.09191,945.00,0.22000,true
XAUUSDm,M5,2025-01-09T01:50:00Z,2632.09191,2632.34131,2631.90253,2632.08787,982.00,0.19000,true
XAUUSDm,M5,2025-01-09T01:55:00Z,2632.08787,2632.34126,2631.88203,2632.07235,1019.00,0.23000,true
XAUUSDm,M5,2025-01-09T02:00:00Z,2632.07235,2632.32883,2631.84923,2632.04477,1056.00,0.20000,true
XAUUSDm,M5,2025-01-09T02:05:00Z,2632.04477,2632.30340,2631.80422,2632.00515,1093.00,0.17000,true
XAUUSDm,M5,2025-01-09T02:10:00Z,2632.00515,2632.26494,2631.74767,2631.95411,1130.00,0.21000,true
XAUUSDm,M5,2025-01-09T02:15:00Z,2631.95411,2632.21404,2631.68084,2631.89283,1167.00,0.18000,true
XAUUSDm,M5,2025-01-09T02:20:00Z,2631.89283,2632.15189,2631.60551,2631.82303,704.00,0.22000,true
XAUUSDm,M5,2025-01-09T02:25:00Z,2631.82303,2632.08022,2631.37991,2631.74687,741.00,0.19000,true
XAUUSDm,M5,2025-01-09T02:30:00Z,2631.74687,2632.00122,2631.43864,2631.66687,778.00,0.23000,true
XAUUSDm,M5,2025-01-09T02:35:00Z,2631.66687,2631.91749,2631.35257,2631.58585,815.00,0.20000,true
XAUUSDm,M5,2025-01-09T02:40:00Z,2631.58585,2631.83190,2631.26870,2631.50674,852.00,0.17000,true
XAUUSDm,M5,2025-01-09T02:45:00Z,2631.50674,2631.74750,2631.19010,2631.43256,889.00,0.21000,true
XAUUSDm,M5,2025-01-09T02:50:00Z,2631.43256,2631.66738,2631.11971,2631.36619,926.00,0.18000,true
XAUUSDm,M5,2025-01-09T02:55:00Z,2631.36619,2631.59458,2631.06030,2631.31034,963.00,0.22000,true
XAUUSDm,M5,2025-01-09T03:00:00Z,2631.31034,2631.53193,2631.01430,2631.26741,1000.00,0.19000,true
XAUUSDm,M5,2025-01-09T03:05:00Z,2631.26741,2631.62596,2630.98372,2631.23938,1037.00,0.23000,true
XAUUSDm,M5,2025-01-09T03:10:00Z,2631.23938,2631.44679,2630.97010,2631.22774,1074.00,0.20000,true
XAUUSDm,M5,2025-01-09T03:15:00Z,2631.22774,2631.43376,2630.96871,2631.23343,1111.00,0.17000,true
XAUUSDm,M5,2025-01-09T03:20:00Z,2631.23343,2631.45025,2630.97362,2631.25681,1148.00,0.21000,true
XAUUSDm,M5,2025-01-09T03:25:00Z,2631.25681,2631.48450,2630.99682,2631.29761,1185.00,0.18000,true
XAUUSDm,M5,2025-01-09T03:30:00Z,2631.29761,2631.53578,2631.03806,2631.35496,722.00,0.22000,true
XAUUSDm,M5,2025-01-09T03:35:00Z,2631.35496,2631.60278,2631.09648,2631.42744,759.00,0.19000,true
XAUUSDm,M5,2025-01-09T03:40:00Z,2631.42744,2631.68366,2631.17061,2631.51310,796.00,0.23000,true
XAUUSDm,M5,2025-01-09T03:45:00Z,2631.51310,2631.77612,2631.25850,2631.60954,833.00,0.20000,true
XAUUSDm,M5,2025-01-09T03:50:00Z,2631.60954,2631.87751,2631.35772,2631.71402,870.00,0.17000,true
XAUUSDm,M5,2025-01-09T03:55:00Z,2631.71402,2631.98489,2631.46549,2631.82353,907.00,0.21000,true
XAUUSDm,M5,2025-01-09T04:00:00Z,2631.82353,2632.09517,2631.57878,2631.93497,944.00,0.18000,true
XAUUSDm,M5,2025-01-09T04:05:00Z,2631.93497,2632.20526,2631.69442,2632.04519,981.00,0.22000,true
XAUUSDm,M5,2025-01-09T04:10:00Z,2632.04519,2632.31212,2631.80922,2632.15117,1018.00,0.19000,true
XAUUSDm,M5,2025-01-09T04:15:00Z,2632.15117,2632.41293,2631.92009,2632.25010,1055.00,0.23000,true
XAUUSDm,M5,2025-01-09T04:20:00Z,2632.25010,2632.50520,2632.02418,2632.33952,1092.00,0.20000,true
XAUUSDm,M5,2025-01-09T04:25:00Z,2632.33952,2632.58680,2632.11896,2632.41738,1129.00,0.17000,true
XAUUSDm,M5,2025-01-09T04:30:00Z,2632.41738,2632.65614,2632.20230,2632.48214,1166.00,0.21000,true
XAUUSDm,M5,2025-01-09T04:35:00Z,2632.48214,2632.71212,2632.27261,2632.53282,703.00,0.18000,true
XAUUSDm,M5,2025-01-09T04:40:00Z,2632.53282,2632.75425,2632.32883,2632.56902,740.00,0.22000,true
XAUUSDm,M5,2025-01-09T04:45:00Z,2632.56902,2632.78261,2632.37049,2632.59095,777.00,0.19000,true
XAUUSDm,M5,2025-01-09T04:50:00Z,2632.59095,2632.79788,2632.39775,2632.59940,814.00,0.23000,true
XAUUSDm,M5,2025-01-09T04:55:00Z,2632.59940,2632.80492,2632.40766,2632.59574,851.00,0.20000,true
XAUUSDm,M5,2025-01-09T05:00:00Z,2632.59574,2632.80840,2632.39857,2632.58180,888.00,0.17000,true
XAUUSDm,M5,2025-01-09T05:05:00Z,2632.58180,2632.80154,2632.38112,2632.55984,925.00,0.21000,true
XAUUSDm,M5,2025-01-09T05:10:00Z,2632.55984,2632.78646,2632.35784,2632.53242,962.00,0.18000,true
XAUUSDm,M5,2025-01-09T05:15:00Z,2632.53242,2632.76559,2632.33145,2632.50234,999.00,0.22000,true
XAUUSDm,M5,2025-01-09T05:20:00Z,2632.50234,2632.74158,2632.30479,2632.47246,1036.00,0.19000,true
XAUUSDm,M5,2025-01-09T05:25:00Z,2632.47246,2632.71718,2632.28066,2632.44565,1073.00,0.23000,true
XAUUSDm,M5,2025-01-09T05:30:00Z,2632.44565,2632.69513,2632.26174,2632.42459,1110.00,0.20000,true
XAUUSDm,M5,2025-01-09T05:35:00Z,2632.42459,2632.67804,2632.25044,2632.41174,1147.00,0.17000,true
XAUUSDm,M5,2025-01-09T05:40:00Z,2632.41174,2632.66826,2632.24883,2632.40917,1184.00,0.21000,true
XAUUSDm,M5,2025-01-09T05:45:00Z,2632.40917,2632.67720,2632.24917,2632.41853,721.00,0.18000,true
XAUUSDm,M5,2025-01-09T05:50:00Z,2632.41853,2632.70073,2632.25826,2632.44093,758.00,0.22000,true
XAUUSDm,M5,2025-01-09T05:55:00Z,2632.44093,2632.73684,2632.27977,2632.47691,795.00,0.19000,true
XAUUSDm,M5,2025-01-09T06:00:00Z,2632.47691,2632.78545,2632.31425,2632.52642,832.00,0.23000,true
XAUUSDm,M5,2025-01-09T06:05:00Z,2632.52642,2632.84595,2632.36168,2632.58880,869.00,0.20000,true
XAUUSDm,M5,2025-01-09T06:10:00Z,2632.58880,2632.91713,2632.42144,2632.66284,906.00,0.17000,true
XAUUSDm,M5,2025-01-09T06:15:00Z,2632.66284,2632.99731,2632.49231,2632.74676,943.00,0.21000,true
XAUUSDm,M5,2025-01-09T06:20:00Z,2632.74676,2633.08432,2632.40773,2632.83835,980.00,0.18000,true
XAUUSDm,M5,2025-01-09T06:25:00Z,2632.83835,2633.17564,2632.66009,2632.93499,1017.00,0.22000,true
XAUUSDm,M5,2025-01-09T06:30:00Z,2632.93499,2633.26851,2632.75225,2633.03379,1054.00,0.19000,true
XAUUSDm,M5,2025-01-09T06:35:00Z,2633.03379,2633.35997,2632.84624,2633.13169,1091.00,0.23000,true
XAUUSDm,M5,2025-01-09T06:40:00Z,2633.13169,2633.44703,2632.93904,2633.22557,1128.00,0.20000,true
XAUUSDm,M5,2025-01-09T06:45:00Z,2633.22557,2633.52680,2633.02762,2633.31238,1165.00,0.17000,true
XAUUSDm,M5,2025-01-09T06:50:00Z,2633.31238,2633.59655,2633.10897,2633.38927,702.00,0.21000,true
XAUUSDm,M5,2025-01-09T06:55:00Z,2633.38927,2633.65387,2633.18032,2633.45366,739.00,0.18000,true
XAUUSDm,M5,2025-01-09T07:00:00Z,2633.45366,2633.69673,2633.23917,2633.50341,776.00,0.22000,true
XAUUSDm,M5,2025-01-09T07:05:00Z,2633.50341,2633.72359,2633.28342,2633.53681,813.00,0.19000,true
XAUUSDm,M5,2025-01-09T07:10:00Z,2633.53681,2633.73345,2633.31145,2633.55274,850.00,0.23000,true
XAUUSDm,M5,2025-01-09T07:15:00Z,2633.55274,2633.72798,2633.32010,2633.55064,887.00,0.20000,true
XAUUSDm,M5,2025-01-09T07:20:00Z,2633.55064,2633.72112,2633.29511,2633.53058,924.00,0.17000,true
XAUUSDm,M5,2025-01-09T07:25:00Z,2633.53058,2633.69710,2633.25313,2633.49321,961.00,0.21000,true
XAUUSDm,M5,2025-01-09T07:30:00Z,2633.49321,2633.80066,2633.19546,2633.43979,998.00,0.18000,true
XAUUSDm,M5,2025-01-09T07:35:00Z,2633.43979,2633.60111,2633.12393,2633.37208,1035.00,0.22000,true
XAUUSDm,M5,2025-01-09T07:40:00Z,2633.37208,2633.53227,2633.04081,2633.29230,1072.00,0.19000,true
XAUUSDm,M5,2025-01-09T07:45:00Z,2633.29230,2633.45237,2632.94872,2633.20305,1109.00,0.23000,true
XAUUSDm,M5,2025-01-09T07:50:00Z,2633.20305,2633.36402,2632.85056,2633.10718,1146.00,0.20000,true
XAUUSDm,M5,2025-01-09T07:55:00Z,2633.10718,2633.27005,2632.74936,2633.00769,1183.00,0.17000,true
XAUUSDm,M5,2025-01-09T08:00:00Z,2633.00769,2633.17343,2632.64817,2632.90762,720.00,0.21000,true
XAUUSDm,M5,2025-01-09T08:05:00Z,2632.90762,2633.07712,2632.54994,2632.80991,757.00,0.18000,true
XAUUSDm,M5,2025-01-09T08:10:00Z,2632.80991,2632.98399,2632.45742,2632.71728,794.00,0.22000,true
XAUUSDm,M5,2025-01-09T08:15:00Z,2632.71728,2632.89668,2632.37303,2632.63217,831.00,0.19000,true
XAUUSDm,M5,2025-01-09T08:20:00Z,2632.63217,2632.81750,2632.29875,2632.55656,868.00,0.23000,true
XAUUSDm,M5,2025-01-09T08:25:00Z,2632.55656,2632.74835,2632.23610,2632.49199,905.00,0.20000,true
XAUUSDm,M5,2025-01-09T08:30:00Z,2632.49199,2632.69059,2632.18602,2632.43943,942.00,0.17000,true
XAUUSDm,M5,2025-01-09T08:35:00Z,2632.43943,2632.64507,2632.14886,2632.39925,979.00,0.21000,true
XAUUSDm,M5,2025-01-09T08:40:00Z,2632.39925,2632.61203,2632.12437,2632.37125,1016.00,0.18000,true
XAUUSDm,M5,2025-01-09T08:45:00Z,2632.37125,2632.59111,2632.11172,2632.35462,1053.00,0.22000,true
XAUUSDm,M5,2025-01-09T08:50:00Z,2632.35462,2632.58136,2632.10950,2632.34803,1090.00,0.19000,true
XAUUSDm,M5,2025-01-09T08:55:00Z,2632.34803,2632.58289,2632.11423,2632.34961,1127.00,0.23000,true
XAUUSDm,M5,2025-01-09T09:00:00Z,2632.34961,2632.59645,2632.12084,2632.35712,1164.00,0.20000,true
XAUUSDm,M5,2025-01-09T09:05:00Z,2632.35712,2632.61275,2632.13359,2632.36794,701.00,0.17000,true
XAUUSDm,M5,2025-01-09T09:10:00Z,2632.36794,2632.62885,2632.14984,2632.37929,738.00,0.21000,true
XAUUSDm,M5,2025-01-09T09:15:00Z,2632.37929,2632.64175,2632.16671,2632.38824,775.00,0.18000,true
XAUUSDm,M5,2025-01-09T09:20:00Z,2632.38824,2632.64849,2632.18122,2632.39191,812.00,0.22000,true
XAUUSDm,M5,2025-01-09T09:25:00Z,2632.39191,2632.65060,2632.18603,2632.38754,849.00,0.19000,true
XAUUSDm,M5,2025-01-09T09:30:00Z,2632.38754,2632.64735,2632.17652,2632.37262,886.00,0.23000,true
XAUUSDm,M5,2025-01-09T09:35:00Z,2632.37262,2632.63254,2632.15414,2632.34500,923.00,0.20000,true
XAUUSDm,M5,2025-01-09T09:40:00Z,2632.34500,2632.60402,2632.11713,2632.30299,960.00,0.17000,true
XAUUSDm,M5,2025-01-09T09:45:00Z,2632.30299,2632.56009,2632.06424,2632.24539,997.00,0.21000,true
XAUUSDm,M5,2025-01-09T09:50:00Z,2632.24539,2632.49963,2631.99479,2632.17159,1034.00,0.18000,true
XAUUSDm,M5,2025-01-09T09:55:00Z,2632.17159,2632.42206,2631.90872,2632.08158,1071.00,0.22000,true
XAUUSDm,M5,2025-01-09T10:00:00Z,2632.08158,2632.32746,2631.80657,2631.97595,1108.00,0.19000,true
XAUUSDm,M5,2025-01-09T10:05:00Z,2631.97595,2632.21650,2631.68947,2631.85587,1145.00,0.23000,true
XAUUSDm,M5,2025-01-09T10:10:00Z,2631.85587,2632.09047,2631.55912,2631.72307,1182.00,0.20000,true
XAUUSDm,M5,2025-01-09T10:15:00Z,2631.72307,2631.95122,2631.15970,2631.57975,719.00,0.17000,true
XAUUSDm,M5,2025-01-09T10:20:00Z,2631.57975,2631.80109,2631.26773,2631.42852,756.00,0.21000,true
XAUUSDm,M5,2025-01-09T10:25:00Z,2631.42852,2631.64282,2631.11218,2631.27229,793.00,0.18000,true
XAUUSDm,M5,2025-01-09T10:30:00Z,2631.27229,2631.47945,2630.95411,2631.11416,830.00,0.22000,true
XAUUSDm,M5,2025-01-09T10:35:00Z,2631.11416,2631.31423,2630.79668,2630.95728,867.00,0.19000,true
XAUUSDm,M5,2025-01-09T10:40:00Z,2630.95728,2631.15049,2630.64303,2630.80480,904.00,0.23000,true
XAUUSDm,M5,2025-01-09T10:45:00Z,2630.80480,2630.99146,2630.49613,2630.65965,941.00,0.20000,true
XAUUSDm,M5,2025-01-09T10:50:00Z,2630.65965,2630.84026,2630.35866,2630.52451,978.00,0.17000,true
XAUUSDm,M5,2025-01-09T10:55:00Z,2630.52451,2630.69967,2630.23296,2630.40169,1015.00,0.21000,true
XAUUSDm,M5,2025-01-09T11:00:00Z,2630.40169,2630.57209,2630.12089,2630.29300,1052.00,0.18000,true
XAUUSDm,M5,2025-01-09T11:05:00Z,2630.29300,2630.45946,2630.02379,2630.19975,1089.00,0.22000,true
XAUUSDm,M5,2025-01-09T11:10:00Z,2630.19975,2630.36315,2629.94240,2630.12263,1126.00,0.19000,true
XAUUSDm,M5,2025-01-09T11:15:00Z,2630.12263,2630.28393,2629.87690,2630.06177,1163.00,0.23000,true
XAUUSDm,M5,2025-01-09T11:20:00Z,2630.06177,2630.22195,2629.82685,2630.01667,700.00,0.20000,true
XAUUSDm,M5,2025-01-09T11:25:00Z,2630.01667,2630.17675,2629.79123,2629.98625,737.00,0.17000,true
XAUUSDm,M5,2025-01-09T11:30:00Z,2629.98625,2630.14725,2629.76851,2629.96891,774.00,0.21000,true
XAUUSDm,M5,2025-01-09T11:35:00Z,2629.96891,2630.13182,2629.75668,2629.96258,811.00,0.18000,true
XAUUSDm,M5,2025-01-09T11:40:00Z,2629.96258,2630.13062,2629.75113,2629.96483,848.00,0.22000,true
XAUUSDm,M5,2025-01-09T11:45:00Z,2629.96483,2630.14251,2629.74785,2629.97294,885.00,0.19000,true
XAUUSDm,M5,2025-01-09T11:50:00Z,2629.97294,2630.15820,2629.75051,2629.98404,922.00,0.23000,true
XAUUSDm,M5,2025-01-09T11:55:00Z,2629.98404,2630.31870,2629.75631,2629.99520,959.00,0.20000,true
XAUUSDm,M5,2025-01-09T12:00:00Z,2629.99520,2630.18905,2629.76240,2630.00360,996.00,0.17000,true
XAUUSDm,M5,2025-01-09T12:05:00Z,2630.00360,2630.19848,2629.76601,2630.00658,1033.00,0.21000,true
XAUUSDm,M5,2025-01-09T12:10:00Z,2630.00658,2630.20530,2629.75977,2630.00182,1070.00,0.18000,true
XAUUSDm,M5,2025-01-09T12:15:00Z,2630.00182,2630.20759,2629.74125,2629.98736,1107.00,0.22000,true
XAUUSDm,M5,2025-01-09T12:20:00Z,2629.98736,2630.20026,2629.71204,2629.96175,1144.00,0.19000,true
XAUUSDm,M5,2025-01-09T12:25:00Z,2629.96175,2630.18174,2629.67125,2629.92409,1181.00,0.23000,true
XAUUSDm,M5,2025-01-09T12:30:00Z,2629.92409,2630.15095,2629.61860,2629.87403,718.00,0.20000,true
XAUUSDm,M5,2025-01-09T12:35:00Z,2629.87403,2630.10742,2629.55437,2629.81184,755.00,0.17000,true
XAUUSDm,M5,2025-01-09T12:40:00Z,2629.81184,2630.05128,2629.47946,2629.73838,792.00,0.21000,true
XAUUSDm,M5,2025-01-09T12:45:00Z,2629.73838,2629.98327,2629.39528,2629.65505,829.00,0.18000,true
XAUUSDm,M5,2025-01-09T12:50:00Z,2629.65505,2629.90468,2629.30377,2629.56376,866.00,0.22000,true
XAUUSDm,M5,2025-01-09T12:55:00Z,2629.56376,2629.81734,2629.20726,2629.46687,903.00,0.19000,true
XAUUSDm,M5,2025-01-09T13:00:00Z,2629.46687,2629.72349,2629.10843,2629.36705,940.00,0.23000,true
XAUUSDm,M5,2025-01-09T13:05:00Z,2629.36705,2629.62577,2629.01018,2629.26720,977.00,0.20000,true
XAUUSDm,M5,2025-01-09T13:10:00Z,2629.26720,2629.52702,2628.91551,2629.17035,1014.00,0.17000,true
XAUUSDm,M5,2025-01-09T13:15:00Z,2629.17035,2629.43026,2628.82740,2629.07951,1051.00,0.21000,true
XAUUSDm,M5,2025-01-09T13:20:00Z,2629.07951,2629.33850,2628.74873,2628.99759,1088.00,0.18000,true
XAUUSDm,M5,2025-01-09T13:25:00Z,2628.99759,2629.25465,2628.68209,2628.92723,1125.00,0.22000,true
XAUUSDm,M5,2025-01-09T13:30:00Z,2628.92723,2629.18141,2628.62977,2628.87074,1162.00,0.19000,true
XAUUSDm,M5,2025-01-09T13:35:00Z,2628.87074,2629.12114,2628.59356,2628.82999,1199.00,0.23000,true
XAUUSDm,M5,2025-01-09T13:40:00Z,2628.82999,2629.07578,2628.57477,2628.80634,736.00,0.20000,true
XAUUSDm,M5,2025-01-09T13:45:00Z,2628.80634,2629.04679,2628.57413,2628.80056,773.00,0.17000,true
XAUUSDm,M5,2025-01-09T13:50:00Z,2628.80056,2629.04734,2628.57947,2628.81285,810.00,0.21000,true
XAUUSDm,M5,2025-01-09T13:55:00Z,2628.81285,2629.07081,2628.59723,2628.84277,847.00,0.18000,true
XAUUSDm,M5,2025-01-09T14:00:00Z,2628.84277,2629.11053,2628.63270,2628.88931,884.00,0.22000,true
XAUUSDm,M5,2025-01-09T14:05:00Z,2628.88931,2629.16505,2628.68478,2628.95089,921.00,0.19000,true
XAUUSDm,M5,2025-01-09T14:10:00Z,2628.95089,2629.23246,2628.60784,2629.02543,958.00,0.23000,true
XAUUSDm,M5,2025-01-09T14:15:00Z,2629.02543,2629.31040,2628.83172,2629.11045,995.00,0.20000,true
XAUUSDm,M5,2025-01-09T14:20:00Z,2629.11045,2629.39621,2628.92188,2629.20313,1032.00,0.17000,true
XAUUSDm,M5,2025-01-09T14:25:00Z,2629.20313,2629.48702,2629.01944,2629.30046,1069.00,0.21000,true
XAUUSDm,M5,2025-01-09T14:30:00Z,2629.30046,2629.57984,2629.12132,2629.39933,1106.00,0.18000,true
XAUUSDm,M5,2025-01-09T14:35:00Z,2629.39933,2629.67171,2629.22436,2629.49665,1143.00,0.22000,true
XAUUSDm,M5,2025-01-09T14:40:00Z,2629.49665,2629.75981,2629.32542,2629.58949,1180.00,0.19000,true
XAUUSDm,M5,2025-01-09T14:45:00Z,2629.58949,2629.84157,2629.42152,2629.67517,717.00,0.23000,true
XAUUSDm,M5,2025-01-09T14:50:00Z,2629.67517,2629.91473,2629.50995,2629.75138,754.00,0.20000,true
XAUUSDm,M5,2025-01-09T14:55:00Z,2629.75138,2629.97752,2629.58834,2629.81625,791.00,0.17000,true
XAUUSDm,M5,2025-01-09T15:00:00Z,2629.81625,2630.02862,2629.65483,2629.86845,828.00,0.21000,true
XAUUSDm,M5,2025-01-09T15:05:00Z,2629.86845,2630.06729,2629.70804,2629.90720,865.00,0.18000,true
XAUUSDm,M5,2025-01-09T15:10:00Z,2629.90720,2630.09336,2629.74719,2629.93233,902.00,0.22000,true
XAUUSDm,M5,2025-01-09T15:15:00Z,2629.93233,2630.10723,2629.77211,2629.94427,939.00,0.19000,true
XAUUSDm,M5,2025-01-09T15:20:00Z,2629.94427,2630.11012,2629.78297,2629.94402,976.00,0.23000,true
XAUUSDm,M5,2025-01-09T15:25:00Z,2629.94402,2630.11366,2629.77062,2629.93310,1013.00,0.20000,true
XAUUSDm,M5,2025-01-09T15:30:00Z,2629.93310,2630.10736,2629.74902,2629.91353,1050.00,0.17000,true
XAUUSDm,M5,2025-01-09T15:35:00Z,2629.91353,2630.09312,2629.72058,2629.88767,1087.00,0.21000,true
XAUUSDm,M5,2025-01-09T15:40:00Z,2629.88767,2630.07323,2629.68799,2629.85819,1124.00,0.18000,true
XAUUSDm,M5,2025-01-09T15:45:00Z,2629.85819,2630.05020,2629.65412,2629.82791,1161.00,0.22000,true
XAUUSDm,M5,2025-01-09T15:50:00Z,2629.82791,2630.02676,2629.62188,2629.79972,1198.00,0.19000,true
XAUUSDm,M5,2025-01-09T15:55:00Z,2629.79972,2630.00562,2629.59415,2629.77643,735.00,0.23000,true
XAUUSDm,M5,2025-01-09T16:00:00Z,2629.77643,2630.01270,2629.58936,2629.79967,772.00,0.20000,true
XAUUSDm,M5,2025-01-09T16:05:00Z,2629.79967,2630.05286,2629.60753,2629.83275,809.00,0.17000,true
XAUUSDm,M5,2025-01-09T16:10:00Z,2629.83275,2630.10459,2629.63532,2629.87762,846.00,0.21000,true
XAUUSDm,M5,2025-01-09T16:15:00Z,2629.87762,2630.16922,2629.67475,2629.93572,883.00,0.18000,true
XAUUSDm,M5,2025-01-09T16:20:00Z,2629.93572,2630.39153,2629.72732,2630.00798,920.00,0.22000,true
XAUUSDm,M5,2025-01-09T16:25:00Z,2630.00798,2630.33971,2629.79403,2630.09473,957.00,0.19000,true
XAUUSDm,M5,2025-01-09T16:30:00Z,2630.09473,2630.44540,2629.87527,2630.19568,994.00,0.23000,true
XAUUSDm,M5,2025-01-09T16:35:00Z,2630.19568,2630.56362,2629.97084,2630.30999,1031.00,0.20000,true
XAUUSDm,M5,2025-01-09T16:40:00Z,2630.30999,2630.69288,2630.07994,2630.43621,1068.00,0.17000,true
XAUUSDm,M5,2025-01-09T16:45:00Z,2630.43621,2630.83114,2630.20121,2630.57240,1105.00,0.21000,true
XAUUSDm,M5,2025-01-09T16:50:00Z,2630.57240,2630.97599,2630.33275,2630.71616,1142.00,0.18000,true
XAUUSDm,M5,2025-01-09T16:55:00Z,2630.71616,2631.12466,2630.47223,2630.86475,1179.00,0.22000,true
XAUUSDm,M5,2025-01-09T17:00:00Z,2630.86475,2631.27416,2630.61696,2631.01520,716.00,0.19000,true
XAUUSDm,M5,2025-01-09T17:05:00Z,2631.01520,2631.42138,2630.76401,2631.16436,753.00,0.23000,true
XAUUSDm,M5,2025-01-09T17:10:00Z,2631.16436,2631.56323,2630.91028,2631.30911,790.00,0.20000,true
XAUUSDm,M5,2025-01-09T17:15:00Z,2631.30911,2631.69673,2631.05268,2631.44641,827.00,0.17000,true
XAUUSDm,M5,2025-01-09T17:20:00Z,2631.44641,2631.81917,2631.18822,2631.57347,864.00,0.21000,true
XAUUSDm,M5,2025-01-09T17:25:00Z,2631.57347,2631.92816,2631.31410,2631.68781,901.00,0.18000,true
XAUUSDm,M5,2025-01-09T17:30:00Z,2631.68781,2632.02176,2631.42786,2631.78737,938.00,0.22000,true
XAUUSDm,M5,2025-01-09T17:35:00Z,2631.78737,2632.09855,2631.52747,2631.87063,975.00,0.19000,true
XAUUSDm,M5,2025-01-09T17:40:00Z,2631.87063,2632.15768,2631.61139,2631.93659,1012.00,0.23000,true
XAUUSDm,M5,2025-01-09T17:45:00Z,2631.93659,2632.19891,2631.67862,2631.98487,1049.00,0.20000,true
XAUUSDm,M5,2025-01-09T17:50:00Z,2631.98487,2632.22260,2631.72876,2632.01569,1086.00,0.17000,true
XAUUSDm,M5,2025-01-09T17:55:00Z,2632.01569,2632.22972,2631.76202,2632.02989,1123.00,0.21000,true
XAUUSDm,M5,2025-01-09T18:00:00Z,2632.02989,2632.22286,2631.77814,2632.02885,1160.00,0.18000,true
XAUUSDm,M5,2025-01-09T18:05:00Z,2632.02885,2632.21529,2631.62321,2632.01444,1197.00,0.22000,true
XAUUSDm,M5,2025-01-09T18:10:00Z,2632.01444,2632.19485,2631.74570,2631.98901,734.00,0.19000,true
XAUUSDm,M5,2025-01-09T18:15:00Z,2631.98901,2632.16398,2631.71621,2631.95518,771.00,0.23000,true
XAUUSDm,M5,2025-01-09T18:20:00Z,2631.95518,2632.12542,2631.68156,2631.91583,808.00,0.20000,true
XAUUSDm,M5,2025-01-09T18:25:00Z,2631.91583,2632.08217,2631.64468,2631.87396,845.00,0.17000,true
XAUUSDm,M5,2025-01-09T18:30:00Z,2631.87396,2632.03727,2631.60848,2631.83252,882.00,0.21000,true
XAUUSDm,M5,2025-01-09T18:35:00Z,2631.83252,2631.99376,2631.57573,2631.79436,919.00,0.18000,true
XAUUSDm,M5,2025-01-09T18:40:00Z,2631.79436,2631.95452,2631.54896,2631.76208,956.00,0.22000,true
XAUUSDm,M5,2025-01-09T18:45:00Z,2631.76208,2631.92217,2631.53034,2631.73791,993.00,0.19000,true
XAUUSDm,M5,2025-01-09T18:50:00Z,2631.73791,2631.89896,2631.52163,2631.72368,1030.00,0.23000,true
XAUUSDm,M5,2025-01-09T18:55:00Z,2631.72368,2631.88668,2631.52405,2631.72067,1067.00,0.20000,true
XAUUSDm,M5,2025-01-09T19:00:00Z,2631.72067,2631.89553,2631.52931,2631.72962,1104.00,0.17000,true
XAUUSDm,M5,2025-01-09T19:05:00Z,2631.72962,2631.92039,2631.54328,2631.75067,1141.00,0.21000,true
XAUUSDm,M5,2025-01-09T19:10:00Z,2631.75067,2631.95772,2631.56907,2631.78337,1178.00,0.18000,true
XAUUSDm,M5,2025-01-09T19:15:00Z,2631.78337,2632.00639,2631.60616,2631.82669,715.00,0.22000,true
XAUUSDm,M5,2025-01-09T19:20:00Z,2631.82669,2632.06474,2631.65347,2631.87907,752.00,0.19000,true
XAUUSDm,M5,2025-01-09T19:25:00Z,2631.87907,2632.13061,2631.70938,2631.93848,789.00,0.23000,true
XAUUSDm,M5,2025-01-09T19:30:00Z,2631.93848,2632.20144,2631.77181,2632.00248,826.00,0.20000,true
XAUUSDm,M5,2025-01-09T19:35:00Z,2632.00248,2632.27438,2631.83831,2632.06836,863.00,0.17000,true
XAUUSDm,M5,2025-01-09T19:40:00Z,2632.06836,2632.34640,2631.90613,2632.13324,900.00,0.21000,true
XAUUSDm,M5,2025-01-09T19:45:00Z,2632.13324,2632.41440,2631.97235,2632.19417,937.00,0.18000,true
XAUUSDm,M5,2025-01-09T19:50:00Z,2632.19417,2632.47533,2632.03401,2632.24824,974.00,0.22000,true
XAUUSDm,M5,2025-01-09T19:55:00Z,2632.24824,2632.52636,2632.08821,2632.29275,1011.00,0.19000,true
XAUUSDm,M5,2025-01-09T20:00:00Z,2632.29275,2632.56491,2632.13223,2632.32527,1048.00,0.23000,true
XAUUSDm,M5,2025-01-09T20:05:00Z,2632.32527,2632.58883,2632.16364,2632.34376,1085.00,0.20000,true
XAUUSDm,M5,2025-01-09T20:10:00Z,2632.34376,2632.59645,2632.18043,2632.34666,1122.00,0.17000,true
XAUUSDm,M5,2025-01-09T20:15:00Z,2632.34666,2632.60035,2632.16734,2632.33294,1159.00,0.21000,true
XAUUSDm,M5,2025-01-09T20:20:00Z,2632.33294,2632.58965,2632.13375,2632.30217,1196.00,0.18000,true
XAUUSDm,M5,2025-01-09T20:25:00Z,2632.30217,2632.56095,2632.08276,2632.25452,733.00,0.22000,true
XAUUSDm,M5,2025-01-09T20:30:00Z,2632.25452,2632.51436,2632.01518,2632.19075,770.00,0.19000,true
XAUUSDm,M5,2025-01-09T20:35:00Z,2632.19075,2632.45065,2631.93242,2632.11222,807.00,0.23000,true
XAUUSDm,M5,2025-01-09T20:40:00Z,2632.11222,2632.37116,2631.83640,2632.02080,844.00,0.20000,true
XAUUSDm,M5,2025-01-09T20:45:00Z,2632.02080,2632.46132,2631.72951,2631.91884,881.00,0.17000,true
XAUUSDm,M5,2025-01-09T20:50:00Z,2631.91884,2632.17290,2631.61453,2631.80903,918.00,0.21000,true
XAUUSDm,M5,2025-01-09T20:55:00Z,2631.80903,2632.05927,2631.49448,2631.69435,955.00,0.18000,true
XAUUSDm,M5,2025-01-09T21:00:00Z,2631.69435,2631.93996,2631.37257,2631.57793,992.00,0.22000,true
XAUUSDm,M5,2025-01-09T21:05:00Z,2631.57793,2631.81818,2631.25202,2631.46293,1029.00,0.19000,true
XAUUSDm,M5,2025-01-09T21:10:00Z,2631.46293,2631.69720,2631.13597,2631.35242,1066.00,0.23000,true
XAUUSDm,M5,2025-01-09T21:15:00Z,2631.35242,2631.58022,2631.02736,2631.24927,1103.00,0.20000,true
XAUUSDm,M5,2025-01-09T21:20:00Z,2631.24927,2631.47024,2630.92883,2631.15605,1140.00,0.17000,true
XAUUSDm,M5,2025-01-09T21:25:00Z,2631.15605,2631.36996,2630.84258,2631.07489,1177.00,0.21000,true
XAUUSDm,M5,2025-01-09T21:30:00Z,2631.07489,2631.28167,2630.77033,2631.00747,714.00,0.18000,true
XAUUSDm,M5,2025-01-09T21:35:00Z,2631.00747,2631.20717,2630.71325,2630.95488,751.00,0.22000,true
XAUUSDm,M5,2025-01-09T21:40:00Z,2630.95488,2631.14772,2630.67192,2630.91764,788.00,0.19000,true
XAUUSDm,M5,2025-01-09T21:45:00Z,2630.91764,2631.10398,2630.64630,2630.89568,825.00,0.23000,true
XAUUSDm,M5,2025-01-09T21:50:00Z,2630.89568,2631.07599,2630.63576,2630.88831,862.00,0.20000,true
XAUUSDm,M5,2025-01-09T21:55:00Z,2630.88831,2631.06917,2630.63311,2630.89429,899.00,0.17000,true
XAUUSDm,M5,2025-01-09T22:00:00Z,2630.89429,2631.08204,2630.49300,2630.91187,936.00,0.21000,true
XAUUSDm,M5,2025-01-09T22:05:00Z,2630.91187,2631.10513,2630.65307,2630.93886,973.00,0.18000,true
XAUUSDm,M5,2025-01-09T22:10:00Z,2630.93886,2631.13600,2630.67915,2630.97273,1010.00,0.22000,true
XAUUSDm,M5,2025-01-09T22:15:00Z,2630.97273,2631.17195,2630.71273,2631.01074,1047.00,0.19000,true
XAUUSDm,M5,2025-01-09T22:20:00Z,2631.01074,2631.21015,2630.75106,2631.05000,1084.00,0.23000,true
XAUUSDm,M5,2025-01-09T22:25:00Z,2631.05000,2631.24773,2630.79126,2631.08762,1121.00,0.20000,true
XAUUSDm,M5,2025-01-09T22:30:00Z,2631.08762,2631.28194,2630.83043,2631.12087,1158.00,0.17000,true
XAUUSDm,M5,2025-01-09T22:35:00Z,2631.12087,2631.31025,2630.86579,2631.14720,1195.00,0.21000,true
XAUUSDm,M5,2025-01-09T22:40:00Z,2631.14720,2631.33041,2630.89480,2631.16444,732.00,0.18000,true
XAUUSDm,M5,2025-01-09T22:45:00Z,2631.16444,2631.34062,2630.91523,2631.17083,769.00,0.22000,true
XAUUSDm,M5,2025-01-09T22:50:00Z,2631.17083,2631.34526,2630.91960,2631.16512,806.00,0.19000,true
XAUUSDm,M5,2025-01-09T22:55:00Z,2631.16512,2631.34492,2630.90524,2631.14664,843.00,0.23000,true
XAUUSDm,M5,2025-01-09T23:00:00Z,2631.14664,2631.33242,2630.87838,2631.11527,880.00,0.20000,true
XAUUSDm,M5,2025-01-09T23:05:00Z,2631.11527,2631.30753,2630.83948,2631.07153,917.00,0.17000,true
XAUUSDm,M5,2025-01-09T23:10:00Z,2631.07153,2631.27062,2630.78955,2631.01649,954.00,0.21000,true
XAUUSDm,M5,2025-01-09T23:15:00Z,2631.01649,2631.22263,2630.73016,2630.95178,991.00,0.18000,true
XAUUSDm,M5,2025-01-09T23:20:00Z,2630.95178,2631.16506,2630.66335,2630.87951,1028.00,0.22000,true
XAUUSDm,M5,2025-01-09T23:25:00Z,2630.87951,2631.09986,2630.59156,2630.80218,1065.00,0.19000,true
XAUUSDm,M5,2025-01-09T23:30:00Z,2630.80218,2631.02939,2630.51753,2630.72260,1102.00,0.23000,true
XAUUSDm,M5,2025-01-09T23:35:00Z,2630.72260,2630.95632,2630.44420,2630.64378,1139.00,0.20000,true
XAUUSDm,M5,2025-01-09T23:40:00Z,2630.64378,2630.88352,2630.37456,2630.56878,1176.00,0.17000,true
XAUUSDm,M5,2025-01-09T23:45:00Z,2630.56878,2630.81395,2630.31160,2630.50066,713.00,0.21000,true
XAUUSDm,M5,2025-01-09T23:50:00Z,2630.50066,2630.75052,2630.25810,2630.44226,750.00,0.18000,true
XAUUSDm,M5,2025-01-09T23:55:00Z,2630.44226,2630.69601,2630.21661,2630.39618,787.00,0.22000,true
XAUUSDm,M5,2025-01-10T00:00:00Z,2630.39618,2630.65294,2630.18928,2630.36464,824.00,0.19000,true
XAUUSDm,M5,2025-01-10T00:05:00Z,2630.36464,2630.62344,2630.17781,2630.34938,861.00,0.23000,true
XAUUSDm,M5,2025-01-10T00:10:00Z,2630.34938,2630.61147,2630.18112,2630.35161,898.00,0.20000,true
XAUUSDm,M5,2025-01-10T00:15:00Z,2630.35161,2630.63186,2630.18615,2630.37197,935.00,0.17000,true
XAUUSDm,M5,2025-01-10T00:20:00Z,2630.37197,2630.66938,2630.20875,2630.41047,972.00,0.21000,true
XAUUSDm,M5,2025-01-10T00:25:00Z,2630.41047,2630.72346,2630.24892,2630.46653,1009.00,0.18000,true
XAUUSDm,M5,2025-01-10T00:30:00Z,2630.46653,2630.79297,2630.30605,2630.53897,1046.00,0.22000,true
XAUUSDm,M5,2025-01-10T00:35:00Z,2630.53897,2630.87626,2630.37895,2630.62609,1083.00,0.19000,true
XAUUSDm,M5,2025-01-10T00:40:00Z,2630.62609,2630.97122,2630.46591,2630.72570,1120.00,0.23000,true
XAUUSDm,M5,2025-01-10T00:45:00Z,2630.72570,2631.07538,2630.56475,2630.83523,1157.00,0.20000,true
XAUUSDm,M5,2025-01-10T00:50:00Z,2630.83523,2631.18600,2630.67291,2630.95184,1194.00,0.17000,true
XAUUSDm,M5,2025-01-10T00:55:00Z,2630.95184,2631.30018,2630.78756,2631.07249,731.00,0.21000,true
XAUUSDm,M5,2025-01-10T01:00:00Z,2631.07249,2631.41496,2630.90568,2631.19412,768.00,0.18000,true
XAUUSDm,M5,2025-01-10T01:05:00Z,2631.19412,2631.52749,2631.02425,2631.31370,805.00,0.22000,true
XAUUSDm,M5,2025-01-10T01:10:00Z,2631.31370,2631.84155,2631.14027,2631.42841,842.00,0.19000,true
XAUUSDm,M5,2025-01-10T01:15:00Z,2631.42841,2631.73531,2631.25098,2631.53573,879.00,0.23000,true
XAUUSDm,M5,2025-01-10T01:20:00Z,2631.53573,2631.82624,2631.35389,2631.63351,916.00,0.20000,true
XAUUSDm,M5,2025-01-10T01:25:00Z,2631.63351,2631.90632,2631.44692,2631.72010,953.00,0.17000,true
XAUUSDm,M5,2025-01-10T01:30:00Z,2631.72010,2631.97456,2631.52846,2631.79436,990.00,0.21000,true
XAUUSDm,M5,2025-01-10T01:35:00Z,2631.79436,2632.03055,2631.59745,2631.85576,1027.00,0.18000,true
XAUUSDm,M5,2025-01-10T01:40:00Z,2631.85576,2632.07445,2631.65342,2631.90435,1064.00,0.22000,true
XAUUSDm,M5,2025-01-10T01:45:00Z,2631.90435,2632.10699,2631.69649,2631.94078,1101.00,0.19000,true
XAUUSDm,M5,2025-01-10T01:50:00Z,2631.94078,2632.12948,2631.72736,2631.96626,1138.00,0.23000,true
XAUUSDm,M5,2025-01-10T01:55:00Z,2631.96626,2632.14368,2631.60333,2631.98250,1175.00,0.20000,true
XAUUSDm,M5,2025-01-10T02:00:00Z,2631.98250,2632.15181,2631.75817,2631.99166,712.00,0.17000,true
XAUUSDm,M5,2025-01-10T02:05:00Z,2631.99166,2632.15637,2631.76212,2631.99626,749.00,0.21000,true
XAUUSDm,M5,2025-01-10T02:10:00Z,2631.99626,2632.16012,2631.76173,2631.99902,786.00,0.18000,true
XAUUSDm,M5,2025-01-10T02:15:00Z,2631.99902,2632.16592,2631.75981,2632.00283,823.00,0.22000,true
XAUUSDm,M5,2025-01-10T02:20:00Z,2632.00283,2632.17660,2631.75930,2632.01057,860.00,0.19000,true
XAUUSDm,M5,2025-01-10T02:25:00Z,2632.01057,2632.19488,2631.76314,2632.02501,897.00,0.23000,true
XAUUSDm,M5,2025-01-10T02:30:00Z,2632.02501,2632.22322,2631.77413,2632.04869,934.00,0.20000,true
XAUUSDm,M5,2025-01-10T02:35:00Z,2632.04869,2632.26373,2631.79487,2632.08383,971.00,0.17000,true
XAUUSDm,M5,2025-01-10T02:40:00Z,2632.08383,2632.31810,2631.82761,2632.13221,1008.00,0.21000,true
XAUUSDm,M5,2025-01-10T02:45:00Z,2632.13221,2632.38749,2631.87416,2632.19512,1045.00,0.18000,true
XAUUSDm,M5,2025-01-10T02:50:00Z,2632.19512,2632.47247,2631.93583,2632.27326,1082.00,0.22000,true
XAUUSDm,M5,2025-01-10T02:55:00Z,2632.27326,2632.57305,2632.01334,2632.36677,1119.00,0.19000,true
XAUUSDm,M5,2025-01-10T03:00:00Z,2632.36677,2632.68859,2632.10684,2632.47518,1156.00,0.23000,true
XAUUSDm,M5,2025-01-10T03:05:00Z,2632.47518,2632.81789,2632.21585,2632.59741,1193.00,0.20000,true
XAUUSDm,M5,2025-01-10T03:10:00Z,2632.59741,2632.95918,2632.33930,2632.73185,730.00,0.17000,true
XAUUSDm,M5,2025-01-10T03:15:00Z,2632.73185,2633.11021,2632.47554,2632.87638,767.00,0.21000,true
XAUUSDm,M5,2025-01-10T03:20:00Z,2632.87638,2633.26831,2632.62244,2633.02846,804.00,0.18000,true
XAUUSDm,M5,2025-01-10T03:25:00Z,2633.02846,2633.43050,2632.77744,2633.18524,841.00,0.22000,true
XAUUSDm,M5,2025-01-10T03:30:00Z,2633.18524,2633.59361,2632.93765,2633.34367,878.00,0.19000,true
XAUUSDm,M5,2025-01-10T03:35:00Z,2633.34367,2633.75439,2633.09996,2633.50057,915.00,0.23000,true
XAUUSDm,M5,2025-01-10T03:40:00Z,2633.50057,2633.90963,2633.26117,2633.65283,952.00,0.20000,true
XAUUSDm,M5,2025-01-10T03:45:00Z,2633.65283,2634.05627,2633.41808,2633.79744,989.00,0.17000,true
XAUUSDm,M5,2025-01-10T03:50:00Z,2633.79744,2634.19155,2633.56767,2633.93168,1026.00,0.21000,true
XAUUSDm,M5,2025-01-10T03:55:00Z,2633.93168,2634.31307,2633.70712,2634.05319,1063.00,0.18000,true
XAUUSDm,M5,2025-01-10T04:00:00Z,2634.05319,2634.41893,2633.83402,2634.16005,1100.00,0.22000,true
XAUUSDm,M5,2025-01-10T04:05:00Z,2634.16005,2634.50776,2633.94639,2634.25087,1137.00,0.19000,true
XAUUSDm,M5,2025-01-10T04:10:00Z,2634.25087,2634.57879,2634.04277,2634.32485,1174.00,0.23000,true
XAUUSDm,M5,2025-01-10T04:15:00Z,2634.32485,2634.63185,2634.12227,2634.38176,711.00,0.20000,true
XAUUSDm,M5,2025-01-10T04:20:00Z,2634.38176,2634.66744,2634.18462,2634.42201,748.00,0.17000,true
XAUUSDm,M5,2025-01-10T04:25:00Z,2634.42201,2634.68662,2634.23014,2634.44657,785.00,0.21000,true
XAUUSDm,M5,2025-01-10T04:30:00Z,2634.44657,2634.69104,2634.25976,2634.45698,822.00,0.18000,true
XAUUSDm,M5,2025-01-10T04:35:00Z,2634.45698,2634.68455,2634.27320,2634.45524,859.00,0.22000,true
XAUUSDm,M5,2025-01-10T04:40:00Z,2634.45524,2634.67597,2634.26614,2634.44376,896.00,0.19000,true
XAUUSDm,M5,2025-01-10T04:45:00Z,2634.44376,2634.65742,2634.25163,2634.42522,933.00,0.23000,true
XAUUSDm,M5,2025-01-10T04:50:00Z,2634.42522,2634.63175,2634.23251,2634.40253,970.00,0.20000,true
XAUUSDm,M5,2025-01-10T04:55:00Z,2634.40253,2634.60199,2634.21168,2634.37862,1007.00,0.17000,true
XAUUSDm,M5,2025-01-10T05:00:00Z,2634.37862,2634.57122,2634.19201,2634.35639,1044.00,0.21000,true
XAUUSDm,M5,2025-01-10T05:05:00Z,2634.35639,2634.54250,2634.17619,2634.33858,1081.00,0.18000,true
XAUUSDm,M5,2025-01-10T05:10:00Z,2634.33858,2634.51868,2634.16664,2634.32763,1118.00,0.22000,true
XAUUSDm,M5,2025-01-10T05:15:00Z,2634.32763,2634.50233,2634.16542,2634.32561,1155.00,0.19000,true
XAUUSDm,M5,2025-01-10T05:20:00Z,2634.32561,2634.50414,2634.16560,2634.33412,1192.00,0.23000,true
XAUUSDm,M5,2025-01-10T05:25:00Z,2634.33412,2634.52037,2634.17367,2634.35422,729.00,0.20000,true
XAUUSDm,M5,2025-01-10T05:30:00Z,2634.35422,2634.54959,2634.19273,2634.38642,766.00,0.17000,true
XAUUSDm,M5,2025-01-10T05:35:00Z,2634.38642,2634.73576,2634.22328,2634.43060,803.00,0.21000,true
XAUUSDm,M5,2025-01-10T05:40:00Z,2634.43060,2634.64621,2634.26525,2634.48608,840.00,0.18000,true
XAUUSDm,M5,2025-01-10T05:45:00Z,2634.48608,2634.71172,2634.31795,2634.55160,877.00,0.22000,true
XAUUSDm,M5,2025-01-10T05:50:00Z,2634.55160,2634.78651,2634.23618,2634.62538,914.00,0.19000,true
XAUUSDm,M5,2025-01-10T05:55:00Z,2634.62538,2634.86834,2634.45020,2634.70520,951.00,0.23000,true
XAUUSDm,M5,2025-01-10T06:00:00Z,2634.70520,2634.95459,2634.52583,2634.78850,988.00,0.20000,true
XAUUSDm,M5,2025-01-10T06:05:00Z,2634.78850,2635.04239,2634.60456,2634.87244,1025.00,0.17000,true
XAUUSDm,M5,2025-01-10T06:10:00Z,2634.87244,2635.12867,2634.68361,2634.95406,1062.00,0.21000,true
XAUUSDm,M5,2025-01-10T06:15:00Z,2634.95406,2635.21038,2634.76007,2635.03038,1099.00,0.18000,true
XAUUSDm,M5,2025-01-10T06:20:00Z,2635.03038,2635.28450,2634.83104,2635.09850,1136.00,0.22000,true
XAUUSDm,M5,2025-01-10T06:25:00Z,2635.09850,2635.34825,2634.89368,2635.15576,1173.00,0.19000,true
XAUUSDm,M5,2025-01-10T06:30:00Z,2635.15576,2635.39915,2634.94539,2635.19982,710.00,0.23000,true
XAUUSDm,M5,2025-01-10T06:35:00Z,2635.19982,2635.43515,2634.98391,2635.22875,747.00,0.20000,true
XAUUSDm,M5,2025-01-10T06:40:00Z,2635.22875,2635.45466,2635.00737,2635.24113,784.00,0.17000,true
XAUUSDm,M5,2025-01-10T06:45:00Z,2635.24113,2635.46173,2635.00938,2635.23609,821.00,0.21000,true
XAUUSDm,M5,2025-01-10T06:50:00Z,2635.23609,2635.46354,2634.98155,2635.21338,858.00,0.18000,true
XAUUSDm,M5,2025-01-10T06:55:00Z,2635.21338,2635.44732,2634.93663,2635.17332,895.00,0.22000,true
XAUUSDm,M5,2025-01-10T07:00:00Z,2635.17332,2635.41327,2634.87565,2635.11686,932.00,0.19000,true
XAUUSDm,M5,2025-01-10T07:05:00Z,2635.11686,2635.36220,2634.80016,2635.04550,969.00,0.23000,true
XAUUSDm,M5,2025-01-10T07:10:00Z,2635.04550,2635.29552,2634.71222,2634.96127,1006.00,0.20000,true
XAUUSDm,M5,2025-01-10T07:15:00Z,2634.96127,2635.21515,2634.61433,2634.86660,1043.00,0.17000,true
XAUUSDm,M5,2025-01-10T07:20:00Z,2634.86660,2635.12344,2634.50930,2634.76428,1080.00,0.21000,true
XAUUSDm,M5,2025-01-10T07:25:00Z,2634.76428,2635.02313,2634.40021,2634.65732,1117.00,0.18000,true
XAUUSDm,M5,2025-01-10T07:30:00Z,2634.65732,2634.91720,2634.29019,2634.54887,1154.00,0.22000,true
XAUUSDm,M5,2025-01-10T07:35:00Z,2634.54887,2634.80874,2634.18240,2634.44204,1191.00,0.19000,true
XAUUSDm,M5,2025-01-10T07:40:00Z,2634.44204,2634.70090,2634.07985,2634.33984,728.00,0.23000,true
XAUUSDm,M5,2025-01-10T07:45:00Z,2634.33984,2634.59669,2633.98531,2634.24504,765.00,0.20000,true
XAUUSDm,M5,2025-01-10T07:50:00Z,2634.24504,2634.49892,2633.90119,2634.16005,802.00,0.17000,true
XAUUSDm,M5,2025-01-10T07:55:00Z,2634.16005,2634.41007,2633.82947,2634.08685,839.00,0.21000,true
XAUUSDm,M5,2025-01-10T08:00:00Z,2634.08685,2634.33219,2633.77160,2634.02691,876.00,0.18000,true
XAUUSDm,M5,2025-01-10T08:05:00Z,2634.02691,2634.26686,2633.72846,2633.98115,913.00,0.22000,true
XAUUSDm,M5,2025-01-10T08:10:00Z,2633.98115,2634.21509,2633.70034,2633.94987,950.00,0.19000,true
XAUUSDm,M5,2025-01-10T08:15:00Z,2633.94987,2634.17732,2633.68689,2633.93279,987.00,0.23000,true
XAUUSDm,M5,2025-01-10T08:20:00Z,2633.93279,2634.15339,2633.68721,2633.92903,1024.00,0.20000,true
XAUUSDm,M5,2025-01-10T08:25:00Z,2633.92903,2634.15071,2633.69168,2633.93717,1061.00,0.17000,true
XAUUSDm,M5,2025-01-10T08:30:00Z,2633.93717,2634.16171,2633.70464,2633.95532,1098.00,0.21000,true
XAUUSDm,M5,2025-01-10T08:35:00Z,2633.95532,2634.18049,2633.72787,2633.98116,1135.00,0.18000,true
XAUUSDm,M5,2025-01-10T08:40:00Z,2633.98116,2634.20458,2633.75901,2634.01209,1172.00,0.22000,true
XAUUSDm,M5,2025-01-10T08:45:00Z,2634.01209,2634.23131,2633.79540,2634.04531,709.00,0.19000,true
XAUUSDm,M5,2025-01-10T08:50:00Z,2634.04531,2634.25794,2633.83416,2634.07794,746.00,0.23000,true
XAUUSDm,M5,2025-01-10T08:55:00Z,2634.07794,2634.28176,2633.87234,2634.10715,783.00,0.20000,true
XAUUSDm,M5,2025-01-10T09:00:00Z,2634.10715,2634.30019,2633.90704,2634.13025,820.00,0.17000,true
XAUUSDm,M5,2025-01-10T09:05:00Z,2634.13025,2634.31094,2633.93551,2634.14485,857.00,0.21000,true
XAUUSDm,M5,2025-01-10T09:10:00Z,2634.14485,2634.31204,2633.95530,2634.14891,894.00,0.18000,true
XAUUSDm,M5,2025-01-10T09:15:00Z,2634.14891,2634.31004,2633.95625,2634.14087,931.00,0.22000,true
XAUUSDm,M5,2025-01-10T09:20:00Z,2634.14087,2634.30099,2633.93969,2634.11969,968.00,0.19000,true
XAUUSDm,M5,2025-01-10T09:25:00Z,2634.11969,2634.27982,2633.90915,2634.08490,1005.00,0.23000,true
XAUUSDm,M5,2025-01-10T09:30:00Z,2634.08490,2634.24606,2633.86471,2634.03663,1042.00,0.20000,true
XAUUSDm,M5,2025-01-10T09:35:00Z,2634.03663,2634.19981,2633.80706,2633.97562,1079.00,0.17000,true
XAUUSDm,M5,2025-01-10T09:40:00Z,2633.97562,2634.14177,2633.73744,2633.90316,1116.00,0.21000,true
XAUUSDm,M5,2025-01-10T09:45:00Z,2633.90316,2634.07317,2633.50991,2633.82107,1153.00,0.18000,true
XAUUSDm,M5,2025-01-10T09:50:00Z,2633.82107,2633.99578,2633.56997,2633.73166,1190.00,0.22000,true
XAUUSDm,M5,2025-01-10T09:55:00Z,2633.73166,2633.91176,2633.47700,2633.63756,727.00,0.19000,true
XAUUSDm,M5,2025-01-10T10:00:00Z,2633.63756,2633.99622,2633.38166,2633.54170,764.00,0.23000,true
XAUUSDm,M5,2025-01-10T10:05:00Z,2633.54170,2633.73431,2633.28702,2633.44716,801.00,0.20000,true
XAUUSDm,M5,2025-01-10T10:10:00Z,2633.44716,2633.64662,2633.19620,2633.35704,838.00,0.17000,true
XAUUSDm,M5,2025-01-10T10:15:00Z,2633.35704,2633.56357,2633.11223,2633.27439,875.00,0.21000,true
XAUUSDm,M5,2025-01-10T10:20:00Z,2633.27439,2633.48805,2633.03796,2633.20202,912.00,0.18000,true
XAUUSDm,M5,2025-01-10T10:25:00Z,2633.20202,2633.42275,2632.97592,2633.14246,949.00,0.22000,true
XAUUSDm,M5,2025-01-10T10:30:00Z,2633.14246,2633.37003,2632.92825,2633.09780,986.00,0.19000,true
XAUUSDm,M5,2025-01-10T10:35:00Z,2633.09780,2633.33185,2632.89660,2633.06966,1023.00,0.23000,true
XAUUSDm,M5,2025-01-10T10:40:00Z,2633.06966,2633.30971,2632.88208,2633.05911,1060.00,0.20000,true
XAUUSDm,M5,2025-01-10T10:45:00Z,2633.05911,2633.31204,2632.87771,2633.06661,1097.00,0.17000,true
XAUUSDm,M5,2025-01-10T10:50:00Z,2633.06661,2633.34211,2632.88049,2633.09202,1134.00,0.21000,true
XAUUSDm,M5,2025-01-10T10:55:00Z,2633.09202,2633.38854,2632.90089,2633.13460,1171.00,0.18000,true
XAUUSDm,M5,2025-01-10T11:00:00Z,2633.13460,2633.44992,2632.93822,2633.19303,708.00,0.22000,true
XAUUSDm,M5,2025-01-10T11:05:00Z,2633.19303,2633.52437,2632.99123,2633.26549,745.00,0.19000,true
XAUUSDm,M5,2025-01-10T11:10:00Z,2633.26549,2633.60956,2633.05816,2633.34968,782.00,0.23000,true
XAUUSDm,M5,2025-01-10T11:15:00Z,2633.34968,2633.70284,2633.13680,2633.44297,819.00,0.20000,true
XAUUSDm,M5,2025-01-10T11:20:00Z,2633.44297,2633.80133,2633.22458,2633.54250,856.00,0.17000,true
XAUUSDm,M5,2025-01-10T11:25:00Z,2633.54250,2633.90204,2633.31869,2633.64523,893.00,0.21000,true
XAUUSDm,M5,2025-01-10T11:30:00Z,2633.64523,2634.00198,2633.41619,2633.74816,930.00,0.18000,true
XAUUSDm,M5,2025-01-10T11:35:00Z,2633.74816,2634.09829,2633.51410,2633.84835,967.00,0.22000,true
XAUUSDm,M5,2025-01-10T11:40:00Z,2633.84835,2634.18836,2633.60958,2633.94311,1004.00,0.19000,true
XAUUSDm,M5,2025-01-10T11:45:00Z,2633.94311,2634.26992,2633.69998,2634.03007,1041.00,0.23000,true
XAUUSDm,M5,2025-01-10T11:50:00Z,2634.03007,2634.34111,2633.78299,2634.10728,1078.00,0.20000,true
XAUUSDm,M5,2025-01-10T11:55:00Z,2634.10728,2634.40063,2633.85672,2634.17330,1115.00,0.17000,true
XAUUSDm,M5,2025-01-10T12:00:00Z,2634.17330,2634.44771,2633.91974,2634.22723,1152.00,0.21000,true
XAUUSDm,M5,2025-01-10T12:05:00Z,2634.22723,2634.48218,2633.97122,2634.26877,1189.00,0.18000,true
XAUUSDm,M5,2025-01-10T12:10:00Z,2634.26877,2634.50447,2634.01087,2634.29820,726.00,0.22000,true
XAUUSDm,M5,2025-01-10T12:15:00Z,2634.29820,2634.51562,2634.03901,2634.31640,763.00,0.19000,true
XAUUSDm,M5,2025-01-10T12:20:00Z,2634.31640,2634.51717,2634.05652,2634.32480,800.00,0.23000,true
XAUUSDm,M5,2025-01-10T12:25:00Z,2634.32480,2634.51118,2634.06484,2634.32529,837.00,0.20000,true
XAUUSDm,M5,2025-01-10T12:30:00Z,2634.32529,2634.50519,2634.06078,2634.32019,874.00,0.17000,true
XAUUSDm,M5,2025-01-10T12:35:00Z,2634.32019,2634.49471,2634.05387,2634.31213,911.00,0.21000,true
XAUUSDm,M5,2025-01-10T12:40:00Z,2634.31213,2634.48199,2634.04742,2634.30393,948.00,0.18000,true
XAUUSDm,M5,2025-01-10T12:45:00Z,2634.30393,2634.46996,2634.04432,2634.29851,985.00,0.22000,true
XAUUSDm,M5,2025-01-10T12:50:00Z,2634.29851,2634.46185,2634.04719,2634.29876,1022.00,0.19000,true
XAUUSDm,M5,2025-01-10T12:55:00Z,2634.29876,2634.46850,2634.05081,2634.30739,1059.00,0.23000,true
XAUUSDm,M5,2025-01-10T13:00:00Z,2634.30739,2634.48700,2634.06329,2634.32688,1096.00,0.20000,true
XAUUSDm,M5,2025-01-10T13:05:00Z,2634.32688,2634.51947,2634.08704,2634.35932,1133.00,0.17000,true
XAUUSDm,M5,2025-01-10T13:10:00Z,2634.35932,2634.56754,2634.12411,2634.40635,1170.00,0.21000,true
XAUUSDm,M5,2025-01-10T13:15:00Z,2634.40635,2634.63230,2634.17608,2634.46908,707.00,0.18000,true
XAUUSDm,M5,2025-01-10T13:20:00Z,2634.46908,2634.71425,2634.24400,2634.54804,744.00,0.22000,true
XAUUSDm,M5,2025-01-10T13:25:00Z,2634.54804,2634.81327,2634.32834,2634.64317,781.00,0.19000,true
XAUUSDm,M5,2025-01-10T13:30:00Z,2634.64317,2634.92860,2634.42898,2634.75381,818.00,0.23000,true
XAUUSDm,M5,2025-01-10T13:35:00Z,2634.75381,2635.05889,2634.54516,2634.87869,855.00,0.20000,true
XAUUSDm,M5,2025-01-10T13:40:00Z,2634.87869,2635.20224,2634.42837,2635.01602,892.00,0.17000,true
XAUUSDm,M5,2025-01-10T13:45:00Z,2635.01602,2635.35627,2634.81836,2635.16354,929.00,0.21000,true
XAUUSDm,M5,2025-01-10T13:50:00Z,2635.16354,2635.51819,2634.97118,2635.31861,966.00,0.18000,true
XAUUSDm,M5,2025-01-10T13:55:00Z,2635.31861,2635.68493,2635.13132,2635.47827,1003.00,0.22000,true
